City_ID,City,Country,Date,Lat,Lng,Max Temp,Humidity,Cloudiness,Wind Speed
0,Iqaluit,CA,,63.75,-68.51,12.2,78,20,5.82
1,Iqaluit,CA,2020-10-25 17:16:34,63.75,-68.51,12.2,78,20,5.82
2,Iqaluit,CA,2020-10-25 17:16:34,63.75,-68.51,12.2,78,20,5.82
3,Alice Springs,AU,2020-10-25 17:12:14,-23.7,133.88,62.6,33,0,6.93
4,Ostrovnoy,RU,2020-10-25 17:17:05,68.05,39.51,29.52,92,72,10.33
5,Tiksi,RU,2020-10-25 17:16:10,71.69,128.87,4.98,90,100,31.25
6,Albany,US,2020-10-25 17:15:36,42.6,-73.97,48.99,58,58,6.08
7,San Cristobal,VE,2020-10-25 17:15:15,7.77,-72.22,84.2,74,75,4.7
8,Shimoda,JP,2020-10-25 17:17:06,34.67,138.95,60.73,59,1,6.44
9,Puerto Ayora,EC,2020-10-25 17:17:06,-0.74,-90.35,75.2,78,75,18.34
10,Lebowakgomo,ZA,2020-10-25 17:17:06,-24.2,29.5,77.0,25,0,8.05
11,Bluff,NZ,2020-10-25 17:17:06,-46.6,168.33,45.0,96,100,1.01
12,Qaqortoq,GL,2020-10-25 17:17:06,60.72,-46.03,41.0,44,100,23.04
13,Cacu,BR,2020-10-25 17:17:06,-18.56,-51.13,90.28,46,52,10.4
14,Guerrero Negro,MX,2020-10-25 17:15:51,27.98,-114.06,68.86,71,100,16.26
15,Nizwa,OM,2020-10-25 17:17:07,22.93,57.53,73.27,21,0,6.31
16,Mataura,NZ,2020-10-25 17:15:49,-46.19,168.86,45.0,96,100,1.01
17,East London,ZA,2020-10-25 17:17:07,-33.02,27.91,64.4,77,0,13.87
18,Rikitea,PF,2020-10-25 17:17:07,-23.12,-134.97,71.38,88,100,17.36
19,Mehamn,NO,2020-10-25 17:17:07,71.04,27.85,33.8,86,0,10.29
20,Fortuna,US,2020-10-25 17:17:07,40.6,-124.16,50.0,100,75,4.09
21,Mareeba,AU,2020-10-25 17:17:07,-17.0,145.43,73.4,83,40,4.7
22,Arraial Do Cabo,BR,2020-10-25 17:17:08,-22.97,-42.03,77.0,69,40,11.41
23,Saint-Paul-Les-Dax,FR,2020-10-25 17:17:08,43.73,-1.05,55.0,93,100,3.36
24,Kapaa,US,2020-10-25 17:17:08,22.08,-159.32,71.6,94,20,3.36
25,Severo-Kurilsk,RU,2020-10-25 17:17:08,50.68,156.12,43.16,83,38,5.28
26,Bunumbu,SL,2020-10-25 17:17:08,8.17,-10.87,88.7,53,96,1.7
27,Butaritari,KI,2020-10-25 17:15:56,3.07,172.79,81.07,72,100,10.96
28,Qui Nhon,VN,2020-10-25 17:17:08,13.77,109.23,77.38,86,87,4.59
29,Uddevalla,SE,2020-10-25 17:17:09,58.35,11.94,51.8,93,100,10.29
30,Qaanaaq,GL,2020-10-25 17:16:15,77.48,-69.36,13.48,80,72,14.23
31,Jibuti,DJ,2020-10-25 17:17:09,11.5,42.5,86.0,58,20,5.82
32,Ushuaia,AR,2020-10-25 17:17:09,-54.8,-68.3,50.0,53,40,5.82
33,Todos Santos,MX,2020-10-25 17:17:09,23.45,-110.22,79.0,74,0,8.99
34,Torbay,CA,2020-10-25 17:16:23,47.67,-52.73,50.0,91,100,1.99
35,Hay River,CA,2020-10-25 17:17:09,60.82,-115.8,19.4,67,40,6.93
36,Pacific Grove,US,2020-10-25 17:17:10,36.62,-121.92,59.0,82,90,4.7
37,Port Elizabeth,ZA,2020-10-25 17:17:10,-33.92,25.57,66.2,77,75,12.75
38,Hobart,AU,2020-10-25 17:16:53,-42.88,147.33,48.2,61,90,8.05
39,Cabra,ES,2020-10-25 17:17:10,37.47,-4.44,66.2,68,75,9.17
40,Havoysund,NO,2020-10-25 17:17:10,71.0,24.66,37.4,74,40,36.91
41,Manhattan,US,2020-10-25 17:12:49,40.78,-73.97,52.0,53,1,8.37
42,Atar,MR,2020-10-25 17:17:10,20.52,-13.05,100.33,9,93,11.79
43,Beyneu,KZ,2020-10-25 17:17:11,45.32,55.2,60.53,63,79,13.09
44,Lorengau,PG,2020-10-25 17:16:49,-2.02,147.27,81.84,72,78,2.91
45,Mar Del Plata,AR,2020-10-25 17:15:33,-38.0,-57.56,64.4,93,90,6.93
46,Half Moon Bay,US,2020-10-25 17:17:12,37.46,-122.43,63.0,77,20,3.36
47,Georgetown,MY,2020-10-25 17:17:13,5.41,100.34,78.8,94,40,2.24
48,Nikolskoye,RU,2020-10-25 17:17:13,59.7,30.79,44.6,81,90,2.24
49,Lacey,US,2020-10-25 17:14:36,47.03,-122.82,41.0,64,1,8.05
50,Naryan-Mar,RU,2020-10-25 17:17:14,67.67,53.09,15.24,95,7,10.49
51,Nanortalik,GL,2020-10-25 17:17:14,60.14,-45.24,34.59,88,100,20.42
52,Beloha,MG,2020-10-25 17:17:14,-25.17,45.05,73.9,53,60,3.94
53,Jamestown,US,2020-10-25 17:16:28,42.1,-79.24,46.0,56,90,5.82
54,Itaituba,BR,2020-10-25 17:13:51,-4.28,-55.98,102.42,28,14,3.65
55,Barrow,US,2020-10-25 17:15:02,71.29,-156.79,26.6,73,90,8.88
56,Bambous Virieux,MU,2020-10-25 17:17:15,-20.34,57.76,75.2,73,75,14.99
57,Brae,GB,2020-10-25 17:17:15,60.4,-1.35,50.0,76,40,19.46
58,Baiyin,CN,2020-10-25 17:17:15,36.56,104.21,54.0,54,0,4.47
59,Busselton,AU,2020-10-25 17:17:15,-33.65,115.33,57.99,58,0,2.75
60,Punta Arenas,CL,2020-10-25 17:12:31,-53.15,-70.92,44.6,81,75,5.82
61,Sao Filipe,CV,2020-10-25 17:17:15,14.9,-24.5,83.88,60,93,17.38
62,Tupik,RU,2020-10-25 17:17:16,54.43,119.93,29.32,94,100,2.04
63,Kashi,CN,2020-10-25 17:17:16,39.45,75.98,55.4,30,75,8.95
64,Remontnoye,RU,2020-10-25 17:17:16,46.56,43.65,57.2,71,0,11.18
65,Komsomolskiy,UZ,2020-10-25 17:17:16,40.43,71.72,48.2,48,0,4.7
66,Beringovskiy,RU,2020-10-25 17:17:16,63.05,179.32,30.45,94,72,5.46
67,Omboue,GA,2020-10-25 17:17:16,-1.57,9.26,78.39,83,93,10.04
68,Mahebourg,MU,2020-10-25 17:17:17,-20.41,57.7,75.2,73,75,14.99
69,Victoria,HK,2020-10-25 17:17:12,22.29,114.16,75.0,79,95,4.0
70,Broken Hill,AU,2020-10-25 17:17:17,-31.95,141.43,42.8,81,1,4.7
71,Plettenberg Bay,ZA,2020-10-25 17:17:17,-34.05,23.37,63.54,85,69,5.41
72,Vaini,TO,2020-10-25 17:17:17,-21.2,-175.2,73.4,88,75,11.41
73,Pangnirtung,CA,2020-10-25 17:17:17,66.15,-65.71,17.6,78,40,3.36
74,Saint George,US,2020-10-25 17:13:23,37.1,-113.58,68.0,42,1,6.62
75,Yumen,CN,2020-10-25 17:17:18,40.28,97.2,35.58,68,64,11.74
76,Polyarnyy,RU,2020-10-25 17:17:18,69.2,33.45,28.4,100,75,4.47
77,Banjar,ID,2020-10-25 17:17:18,-8.19,114.97,80.6,88,20,5.82
78,Provideniya,RU,2020-10-25 17:15:51,64.38,-173.3,32.14,94,44,5.64
79,Faanui,PF,2020-10-25 17:17:18,-16.48,-151.75,79.63,69,37,1.68
80,Alofi,NU,2020-10-25 17:17:18,-19.06,-169.92,71.6,100,100,10.29
81,Qeshm,IR,2020-10-25 17:17:18,26.96,56.27,78.8,31,0,4.7
82,Vila Velha,BR,2020-10-25 17:17:18,-20.33,-40.29,77.0,88,75,2.24
83,Khorramshahr,IR,2020-10-25 17:17:19,30.44,48.17,80.6,28,0,4.7
84,Carnarvon,AU,2020-10-25 17:17:19,-24.87,113.63,69.8,88,90,16.11
85,Tuktoyaktuk,CA,2020-10-25 17:17:19,69.45,-133.04,26.6,86,90,28.86
86,Srednekolymsk,RU,2020-10-25 17:17:19,67.45,153.68,13.55,93,100,1.86
87,Yate,GB,2020-10-25 17:17:19,51.54,-2.42,52.0,82,91,10.67
88,Ribeira Grande,PT,2020-10-25 17:17:19,38.52,-28.7,68.0,68,75,12.75
89,Gat,IL,2020-10-25 17:16:02,31.61,34.76,79.0,74,20,5.82
90,Yaan,NG,2020-10-25 17:17:20,7.38,8.57,80.13,78,41,2.04
91,Gizo,SB,2020-10-25 17:17:20,-8.1,156.84,81.03,75,97,1.86
92,Mizdah,LY,2020-10-25 17:17:20,31.45,12.98,71.06,37,17,8.93
93,Yellowknife,CA,2020-10-25 17:14:11,62.46,-114.35,28.99,86,75,8.05
94,Sioux Lookout,CA,2020-10-25 17:15:45,50.1,-91.92,23.0,67,75,8.05
95,Atuona,PF,2020-10-25 17:15:49,-9.8,-139.03,78.24,76,11,19.46
96,Tuatapere,NZ,2020-10-25 17:17:21,-46.13,167.68,45.0,96,100,1.01
97,Tilichiki,RU,2020-10-25 17:17:21,60.47,166.1,29.8,97,55,7.05
98,Santa Fe,AR,2020-10-25 17:15:32,-31.63,-60.7,68.0,100,90,4.7
99,Mandalgovi,MN,2020-10-25 17:17:21,45.76,106.27,30.49,75,0,21.88
100,Saint-Joseph,RE,2020-10-25 17:17:21,-21.37,55.62,73.4,69,20,6.93
101,Caravelas,BR,2020-10-25 17:17:21,-17.71,-39.25,77.77,82,100,7.61
102,Ous,RU,2020-10-25 17:17:21,60.91,61.52,25.77,99,100,1.92
103,Waitati,NZ,2020-10-25 17:17:22,-45.75,170.57,46.99,90,100,8.01
104,Hermanus,ZA,2020-10-25 17:17:22,-34.42,19.23,61.0,84,97,14.25
105,Shantipur,IN,2020-10-25 17:17:22,23.25,88.47,80.6,83,20,0.43
106,Piacabucu,BR,2020-10-25 17:17:22,-10.41,-36.43,84.13,66,47,14.45
107,Richards Bay,ZA,2020-10-25 17:17:23,-28.78,32.04,73.45,80,53,15.64
108,Ancud,CL,2020-10-25 17:17:23,-41.87,-73.82,57.0,62,75,11.41
109,Saint-Augustin,CA,2020-10-25 17:17:23,51.23,-58.65,39.04,66,0,16.37
110,Kaitangata,NZ,2020-10-25 17:17:23,-46.28,169.85,46.99,98,100,4.0
111,Hilo,US,2020-10-25 17:16:30,19.73,-155.09,75.2,88,90,6.17
112,Marrakesh,MA,2020-10-25 17:12:58,31.63,-8.01,78.8,31,0,4.7
113,Saint-Philippe,RE,2020-10-25 17:17:24,-21.36,55.77,73.4,69,20,6.93
114,Bardiyah,LY,2020-10-25 17:17:24,31.76,25.09,70.92,73,0,12.62
115,Manokwari,ID,2020-10-25 17:17:24,-0.87,134.08,78.67,78,26,4.74
116,Sur,OM,2020-10-25 17:17:24,22.57,59.53,74.59,51,0,5.26
117,Banda Aceh,ID,2020-10-25 17:17:24,5.56,95.32,80.49,73,100,11.12
118,Bilibino,RU,2020-10-25 17:17:24,68.05,166.44,16.14,91,85,0.6
119,Saskylakh,RU,2020-10-25 17:17:25,71.92,114.08,9.59,94,100,13.82
120,Hambantota,LK,2020-10-25 17:17:25,6.12,81.12,80.33,77,100,13.09
121,Merauke,ID,2020-10-25 17:17:25,-8.47,140.33,78.42,79,90,8.12
122,Kambove,CD,2020-10-25 17:17:25,-10.88,26.6,73.09,34,31,1.32
123,Kavieng,PG,2020-10-25 17:17:25,-2.57,150.8,77.61,92,97,17.43
124,Kloulklubed,PW,2020-10-25 17:17:25,7.04,134.26,77.0,88,75,5.53
125,Bichena,ET,2020-10-25 17:17:26,10.45,38.2,55.98,49,0,3.78
126,Port Alfred,ZA,2020-10-25 17:17:26,-33.59,26.89,65.91,81,49,7.05
127,Airai,TL,2020-10-25 17:17:26,-8.93,125.41,62.15,100,100,1.52
128,Soyo,AO,2020-10-25 17:17:26,-6.13,12.37,78.3,83,78,10.89
129,Ponta Do Sol,PT,2020-10-25 17:17:26,32.67,-17.1,72.0,60,20,5.82
130,Leningradskiy,RU,2020-10-25 17:16:00,69.38,178.42,24.57,89,0,5.41
131,Freeport,US,2020-10-25 17:13:55,40.66,-73.58,53.01,57,1,11.41
132,Filingue,NE,2020-10-25 17:17:27,14.35,3.32,94.71,10,23,6.96
133,Tual,ID,2020-10-25 17:17:27,-5.67,132.75,82.0,75,100,7.07
134,Cape Town,ZA,2020-10-25 17:12:47,-33.93,18.42,63.0,72,20,21.92
135,Chicama,PE,2020-10-25 17:17:27,-7.84,-79.15,64.4,77,40,11.41
136,Kodiak,US,2020-10-25 17:17:27,57.79,-152.41,48.2,87,90,12.75
137,Rawson,AR,2020-10-25 17:16:59,-43.3,-65.1,67.39,24,0,21.34
138,Mbekenyera,TZ,2020-10-25 17:17:28,-10.0,38.98,74.55,75,22,8.59
139,Borba,BR,2020-10-25 17:17:28,-4.39,-59.59,97.7,37,75,3.62
140,Tabou,CI,2020-10-25 17:17:28,4.42,-7.35,80.56,79,55,8.63
141,Ekibastuz,KZ,2020-10-25 17:15:04,51.67,75.37,39.85,74,97,20.71
142,Vytegra,RU,2020-10-25 17:17:28,61.01,36.45,38.55,77,93,8.23
143,Baykit,RU,2020-10-25 17:17:29,61.67,96.37,14.76,93,74,1.77
144,Christchurch,NZ,2020-10-25 17:17:29,-43.53,172.63,54.0,87,82,13.87
145,Klaksvik,FO,2020-10-25 17:17:29,62.23,-6.59,42.8,93,97,1.12
146,Lima,PE,2020-10-25 17:17:29,-12.04,-77.03,64.99,77,90,5.82
147,Vao,NC,2020-10-25 17:17:29,-22.67,167.48,71.62,81,11,14.18
148,New Norfolk,AU,2020-10-25 17:17:29,-42.78,147.06,41.0,65,1,1.99
149,Chauk,MM,2020-10-25 17:17:29,20.88,94.82,79.41,82,85,0.69
150,Mao,ES,2020-10-25 17:17:30,39.89,4.27,68.0,72,20,19.46
151,Waingapu,ID,2020-10-25 17:17:30,-9.66,120.26,80.2,77,91,3.96
152,Walvis Bay,NA,2020-10-25 17:17:30,-22.96,14.51,62.6,72,10,9.17
153,Upernavik,GL,2020-10-25 17:16:31,72.79,-56.15,14.52,76,30,4.56
154,Hithadhoo,MV,2020-10-25 17:15:51,-0.6,73.08,83.43,70,32,3.91
155,Conde,BR,2020-10-25 17:17:30,-7.26,-34.91,86.0,66,40,12.75
156,Staroaleyskoye,RU,2020-10-25 17:17:30,51.01,82.0,35.15,80,97,16.93
157,Kruisfontein,ZA,2020-10-25 17:16:02,-34.0,24.73,66.99,73,69,5.99
158,Port Blair,IN,2020-10-25 17:17:31,11.67,92.75,79.79,83,67,8.55
159,Berdigestyakh,RU,2020-10-25 17:13:28,62.1,126.7,21.36,95,95,5.59
160,Castro,BR,2020-10-25 17:16:51,-24.79,-50.01,74.97,67,3,3.38
161,Ahipara,NZ,2020-10-25 17:17:32,-35.17,173.17,55.94,92,10,5.12
162,Tasiilaq,GL,2020-10-25 17:17:32,65.61,-37.64,32.0,98,100,4.7
163,Tobermory,CA,2020-10-25 17:17:33,45.25,-81.67,37.0,92,99,4.97
164,Huangchuan,CN,2020-10-25 17:17:33,32.13,115.04,63.16,55,99,1.72
165,Adet,ET,2020-10-25 17:17:34,11.26,37.49,59.16,54,0,4.97
166,Kushiro,JP,2020-10-25 17:13:25,42.98,144.37,44.71,82,1,11.77
167,Lebu,CL,2020-10-25 17:16:05,-37.62,-73.65,54.54,57,0,8.88
168,Coahuayana,MX,2020-10-25 17:15:52,18.73,-103.68,78.8,74,20,6.93
169,Naze,JP,2020-10-25 17:17:34,28.37,129.48,64.4,82,20,2.24
170,Okhotsk,RU,2020-10-25 17:17:34,59.38,143.3,34.56,83,95,25.46
171,Cidreira,BR,2020-10-25 17:17:35,-30.18,-50.21,72.34,78,42,20.47
172,Sumbe,AO,2020-10-25 17:17:35,-11.21,13.84,77.07,82,94,7.56
173,Manzanillo,CU,2020-10-25 17:17:35,20.34,-77.12,83.97,73,99,0.69
174,Lufilufi,WS,2020-10-25 17:17:35,-13.87,-171.6,75.2,100,90,3.36
175,Mopipi,BW,2020-10-25 17:17:35,-21.18,24.88,90.14,14,48,10.6
176,Kargasok,RU,2020-10-25 17:17:35,59.06,80.86,25.27,97,100,12.41
177,Dikson,RU,2020-10-25 17:15:59,73.51,80.55,18.55,97,96,11.52
178,Wagar,SD,2020-10-25 17:17:36,16.15,36.2,95.79,18,52,6.6
179,Fort Saint James,CA,2020-10-25 17:17:36,54.43,-124.25,19.58,89,100,2.98
180,Pathein,MM,2020-10-25 17:17:36,16.78,94.73,76.32,89,68,4.54
181,Taunggyi,MM,2020-10-25 17:17:36,20.78,97.03,61.88,100,60,0.94
182,Pevek,RU,2020-10-25 17:15:32,69.7,170.31,25.99,97,99,6.02
183,Talnakh,RU,2020-10-25 17:17:37,69.49,88.4,10.4,85,75,13.42
184,Kahului,US,2020-10-25 17:16:41,20.89,-156.47,77.0,69,1,6.8
185,Constitucion,CL,2020-10-25 17:15:53,-35.33,-72.42,60.12,52,0,15.17
186,Nishihara,JP,2020-10-25 17:17:37,26.18,127.76,73.4,64,40,10.29
187,Tumbes,PE,2020-10-25 17:17:37,-3.57,-80.44,77.0,73,90,9.62
188,Yulara,AU,2020-10-25 17:17:37,-25.24,130.99,64.4,31,5,10.29
189,Zalantun,CN,2020-10-25 17:17:37,48.0,122.72,35.83,81,82,0.74
190,Bredasdorp,ZA,2020-10-25 17:17:37,-34.53,20.04,64.4,63,100,6.93
191,Sibu,MY,2020-10-25 17:17:38,2.3,111.82,77.0,94,40,2.24
192,Taksimo,RU,2020-10-25 17:17:38,56.34,114.88,27.05,91,100,2.13
193,Aqtobe,KZ,2020-10-25 17:17:38,50.28,57.21,55.4,87,75,20.13
194,Gigmoto,PH,2020-10-25 17:17:38,13.78,124.39,79.79,84,100,22.35
195,Chuy,UY,2020-10-25 17:17:38,-33.7,-53.46,73.6,75,99,13.87
196,Thompson,CA,2020-10-25 17:16:44,55.74,-97.86,24.8,79,90,8.05
197,Meadow Lake,US,2020-10-25 17:17:38,34.8,-106.54,68.0,25,75,13.87
198,Hasaki,JP,2020-10-25 17:17:38,35.73,140.83,51.8,87,20,2.24
199,Ico,BR,2020-10-25 17:17:39,-6.4,-38.86,103.23,19,45,5.99
200,Ladario,BR,2020-10-25 17:17:39,-19.0,-57.6,89.6,66,40,3.36
201,Mahibadhoo,MV,2020-10-25 17:17:39,3.78,72.97,82.72,77,67,11.81
202,Zelenoborskiy,RU,2020-10-25 17:17:39,66.84,32.36,31.57,96,79,7.34
203,Sola,VU,2020-10-25 17:17:39,-13.88,167.55,79.75,82,75,19.37
204,Khatanga,RU,2020-10-25 17:16:25,71.97,102.5,7.05,95,100,10.71
205,Souillac,MU,2020-10-25 17:16:06,-20.52,57.52,75.2,73,75,14.99
206,Bukama,CD,2020-10-25 17:17:40,-9.2,25.85,82.83,37,93,2.26
207,Pisco,PE,2020-10-25 17:17:40,-13.7,-76.22,68.0,72,0,10.29
208,Saldanha,ZA,2020-10-25 17:16:10,-33.01,17.94,68.0,60,72,17.22
209,Calabar,NG,2020-10-25 17:17:40,4.95,8.32,76.73,89,100,2.84
210,Xinzhou,CN,2020-10-25 17:17:40,38.41,112.73,55.74,51,79,1.57
211,Nieuw Amsterdam,SR,2020-10-25 17:17:41,5.88,-55.08,93.2,49,40,5.82
212,Longyearbyen,SJ,2020-10-25 17:16:01,78.22,15.64,28.4,79,75,11.41
213,Casper,US,2020-10-25 17:17:41,42.87,-106.31,8.01,77,90,17.22
214,Stornoway,GB,2020-10-25 17:17:41,58.21,-6.39,50.0,87,75,24.16
215,Wasilla,US,2020-10-25 17:17:41,61.58,-149.44,41.0,52,90,8.05
216,Padang,ID,2020-10-25 17:15:12,-0.95,100.35,78.48,73,90,2.91
217,Sembakung,ID,2020-10-25 17:17:42,3.82,117.25,73.71,98,100,1.19
218,Waipawa,NZ,2020-10-25 17:17:42,-41.41,175.52,60.8,87,30,17.22
219,Kharp,RU,2020-10-25 17:17:42,66.8,65.81,14.88,95,100,11.27
220,Mitsamiouli,KM,2020-10-25 17:17:42,-11.38,43.28,79.25,74,0,10.85
221,Sao Gabriel Da Cachoeira,BR,2020-10-25 17:17:42,-0.13,-67.09,99.72,40,63,1.32
222,Portsmouth,GB,2020-10-25 17:12:57,50.8,-1.09,53.01,86,82,17.94
223,Vestmanna,FO,2020-10-25 17:17:43,62.16,-7.17,42.8,93,91,1.12
224,Acapulco,MX,2020-10-25 17:16:42,16.86,-99.89,84.2,83,75,3.22
225,Nola,IT,2020-10-25 17:17:43,40.92,14.53,63.0,74,4,4.7
226,Nome,US,2020-10-25 17:17:43,64.5,-165.41,37.4,86,90,5.82
227,Sambava,MG,2020-10-25 17:17:43,-14.27,50.17,73.78,79,1,11.56
228,Hailun,CN,2020-10-25 17:17:44,47.45,126.93,35.44,84,1,4.74
229,Tula,RU,2020-10-25 17:15:33,54.2,37.61,48.0,81,23,7.78
230,Cherskiy,RU,2020-10-25 17:17:44,68.75,161.3,13.44,96,99,0.78
231,Mawlaik,MM,2020-10-25 17:17:44,23.63,94.42,74.08,94,16,0.92
232,Qasigiannguit,GL,2020-10-25 17:17:44,68.82,-51.19,17.6,44,33,3.36
233,Narsaq,GL,2020-10-25 17:17:44,60.92,-46.05,41.0,44,100,23.04
234,Luau,AO,2020-10-25 17:17:44,-10.71,22.22,76.5,54,44,4.7
235,Luderitz,NA,2020-10-25 17:17:45,-26.65,15.16,67.87,49,43,29.28
236,Porbandar,IN,2020-10-25 17:17:45,21.64,69.61,82.99,62,0,7.11
237,College,US,2020-10-25 17:17:45,64.86,-147.8,28.99,79,75,2.59
238,Bethel,US,2020-10-25 17:17:45,41.37,-73.41,52.0,57,1,8.05
239,Clyde River,CA,2020-10-25 17:17:45,70.47,-68.59,15.8,85,90,4.7
240,Hongjiang,CN,2020-10-25 17:17:45,27.11,110.0,63.63,73,99,1.66
241,Baruun-Urt,MN,2020-10-25 17:17:45,46.68,113.28,37.09,66,86,7.78
242,Orocue,CO,2020-10-25 17:17:46,4.79,-71.34,88.61,62,26,8.61
243,Lompoc,US,2020-10-25 17:15:10,34.64,-120.46,62.01,77,90,6.62
244,Murray Bridge,AU,2020-10-25 17:17:46,-35.12,139.27,46.0,86,80,1.01
245,Turtas,RU,2020-10-25 17:17:46,58.94,69.13,34.61,98,100,4.12
246,Norman Wells,CA,2020-10-25 17:17:46,65.28,-126.83,15.8,92,90,2.24
247,Avarua,CK,2020-10-25 17:17:46,-21.21,-159.78,73.4,73,83,9.17
248,Yerofey Pavlovich,RU,2020-10-25 17:17:47,53.97,121.97,30.43,95,100,1.68
249,Bathsheba,BB,2020-10-25 17:15:57,13.22,-59.52,87.8,70,75,18.34
250,Russkaya Polyana,UA,2020-10-25 17:17:47,49.42,31.92,51.93,70,96,3.4
251,Forio,IT,2020-10-25 17:17:47,40.73,13.86,64.99,78,0,1.01
252,Lahij,YE,2020-10-25 17:17:47,13.17,44.58,77.83,49,16,6.31
253,San Quintin,MX,2020-10-25 17:17:47,30.48,-115.95,67.51,66,97,8.84
254,Abnub,EG,2020-10-25 17:17:47,27.27,31.15,78.8,41,0,11.41
255,Panan,PH,2020-10-25 17:17:48,15.21,120.03,78.8,88,90,4.7
256,Tralee,IE,2020-10-25 17:17:48,52.27,-9.7,48.2,81,40,11.41
257,Bonavista,CA,2020-10-25 17:16:01,48.65,-53.11,50.0,83,100,21.0
258,Nichinan,JP,2020-10-25 17:17:48,31.6,131.37,59.22,71,68,4.99
259,Karratha,AU,2020-10-25 17:17:48,-20.74,116.85,68.61,86,1,13.4
260,Najran,SA,2020-10-25 17:16:37,17.49,44.13,73.4,13,0,4.03
261,Chernyshevskiy,RU,2020-10-25 17:17:48,63.01,112.47,13.69,91,100,4.65
262,Mazagao,BR,2020-10-25 17:17:49,-0.12,-51.29,95.0,53,40,9.17
263,Mount Isa,AU,2020-10-25 17:17:49,-20.73,139.5,73.4,28,24,16.11
264,Fort Nelson,CA,2020-10-25 17:17:49,58.81,-122.7,15.8,72,75,3.36
265,Aksarka,RU,2020-10-25 17:17:49,66.56,67.8,12.02,96,95,8.77
266,Te Anau,NZ,2020-10-25 17:16:30,-45.42,167.72,44.28,91,100,3.91
267,Vanersborg,SE,2020-10-25 17:17:50,58.38,12.32,51.8,93,100,10.29
268,Hamilton,US,2020-10-25 17:17:50,39.18,-84.53,51.01,76,90,10.29
269,Bengkulu,ID,2020-10-25 17:17:50,-3.8,102.27,75.69,87,100,3.67
270,Briceno,CO,2020-10-25 17:17:50,7.11,-75.55,76.64,68,100,4.07
271,Turukhansk,RU,2020-10-25 17:17:50,65.82,87.98,7.16,95,92,5.86
272,Rairangpur,IN,2020-10-25 17:17:50,22.27,86.18,70.74,58,37,2.42
273,Harper,LR,2020-10-25 17:17:51,4.38,-7.72,80.62,78,67,8.12
274,Urucara,BR,2020-10-25 17:17:51,-2.54,-57.76,96.39,38,64,2.77
275,Vanavara,RU,2020-10-25 17:17:51,60.34,102.28,23.95,95,50,5.48
276,Margate,GB,2020-10-25 17:17:52,51.38,1.39,51.01,82,45,1.99
277,Villa Guerrero,MX,2020-10-25 17:17:52,18.87,-99.65,73.4,43,75,3.36
278,Ulladulla,AU,2020-10-25 17:17:52,-35.35,150.47,57.0,93,90,18.34
279,Hanzhong,CN,2020-10-25 17:17:53,33.07,107.03,63.91,65,100,1.03
280,Toamasina,MG,2020-10-25 17:17:53,-18.17,49.38,77.0,83,40,5.82
281,Manaure,CO,2020-10-25 17:17:53,11.78,-72.44,85.8,66,100,6.17
282,High Rock,BS,2020-10-25 17:17:54,26.62,-78.28,82.4,78,75,17.22
283,Lazaro Cardenas,MX,2020-10-25 17:17:54,17.96,-102.2,88.03,66,54,1.03
284,Champerico,GT,2020-10-25 17:17:54,14.3,-91.92,84.2,79,90,5.84
285,Ponta Delgada,PT,2020-10-25 17:17:55,37.73,-25.67,68.0,64,20,10.29
286,Jalingo,NG,2020-10-25 17:17:55,8.88,11.37,82.15,63,46,1.92
287,Verkhoyansk,RU,2020-10-25 17:17:55,67.54,133.38,8.26,86,15,5.82
288,Aklavik,CA,2020-10-25 17:17:55,68.22,-135.01,30.2,74,75,14.99
289,Tautira,PF,2020-10-25 17:17:55,-17.73,-149.15,78.01,83,75,4.7
290,La Ronge,CA,2020-10-25 17:16:27,55.1,-105.28,24.8,73,90,9.17
291,Menongue,AO,2020-10-25 17:17:55,-14.66,17.69,83.73,15,20,4.41
292,Masterton,NZ,2020-10-25 17:17:56,-40.96,175.66,61.0,94,20,1.99
293,Berlevag,NO,2020-10-25 17:17:56,70.86,29.09,33.8,80,75,4.7
294,Inirida,CO,2020-10-25 17:17:56,3.87,-67.92,81.32,78,95,3.98
295,Stara Vyzhivka,UA,2020-10-25 17:17:56,51.44,24.44,50.25,82,100,8.68
296,Saiha,IN,2020-10-25 17:17:56,22.48,92.97,68.95,93,84,1.86
297,Kabo,CF,2020-10-25 17:17:56,7.7,18.63,79.48,67,27,0.25
298,Lewiston,US,2020-10-25 17:17:57,44.1,-70.21,51.01,42,1,9.17
299,Dubasari,MD,2020-10-25 17:14:21,47.26,29.16,57.2,87,0,8.05
300,Chor,PK,2020-10-25 17:17:57,25.52,69.77,83.86,24,0,7.36
301,Suoyarvi,RU,2020-10-25 17:17:57,62.08,32.35,31.15,98,21,2.8
302,Cabo San Lucas,MX,2020-10-25 17:16:17,22.89,-109.91,91.0,54,20,13.87
303,Spearfish,US,2020-10-25 17:17:57,44.49,-103.86,10.0,78,90,8.05
304,El Paso,US,2020-10-25 17:16:25,31.8,-106.2,75.99,28,1,6.93
305,Kerva,RU,2020-10-25 17:17:58,55.61,39.58,44.06,83,45,2.8
306,Saint-Ambroise,CA,2020-10-25 17:17:58,48.55,-71.33,37.4,44,20,13.87
307,Zhigansk,RU,2020-10-25 17:15:04,66.77,123.37,-1.14,88,0,4.72
308,Djambala,CG,2020-10-25 17:17:58,-2.54,14.75,72.95,90,99,3.56
309,Cairns,AU,2020-10-25 17:17:41,-16.92,145.77,73.4,83,40,4.7
310,Eureka,US,2020-10-25 17:14:19,40.8,-124.16,48.0,100,90,3.36
311,Cangucu,BR,2020-10-25 17:17:58,-31.39,-52.68,84.99,72,27,5.99
312,Saint-Pierre,RE,2020-10-25 17:17:59,-21.34,55.48,73.4,69,20,6.93
313,Huarmey,PE,2020-10-25 17:15:52,-10.07,-78.15,70.07,65,5,12.06
314,Karasjok,NO,2020-10-25 17:17:08,69.47,25.51,35.6,74,40,29.97
315,Yarkovo,RU,2020-10-25 17:17:59,57.4,67.08,35.4,97,98,5.73
316,Madang,PG,2020-10-25 17:17:59,-5.22,145.8,75.06,89,88,5.14
317,Necochea,AR,2020-10-25 17:17:59,-38.55,-58.74,63.0,92,100,5.01
318,Kenai,US,2020-10-25 17:17:46,60.55,-151.26,39.2,80,90,19.46
319,Touros,BR,2020-10-25 17:18:00,-5.2,-35.46,86.0,66,40,18.34
320,Sinnamary,GF,2020-10-25 17:18:00,5.38,-52.95,87.33,60,1,11.5
321,Hofn,IS,2020-10-25 17:18:00,64.25,-15.21,44.6,75,75,10.29
322,Bollnas,SE,2020-10-25 17:18:00,61.35,16.39,50.58,90,100,10.92
323,Atasu,KZ,2020-10-25 17:18:00,48.68,71.64,42.84,62,94,12.71
324,Henties Bay,NA,2020-10-25 17:18:00,-22.12,14.28,59.0,88,3,5.01
325,Nova Praha,UA,2020-10-25 17:18:01,48.57,32.9,53.6,71,0,6.71
326,Olean,US,2020-10-25 17:18:01,42.08,-78.43,46.99,53,90,6.93
327,Ribeira Brava,PT,2020-10-25 17:18:01,32.65,-17.07,72.0,60,20,5.82
328,Meulaboh,ID,2020-10-25 17:18:01,4.14,96.13,76.77,81,96,4.03
329,Yaounde,CM,2020-10-25 17:17:57,3.87,11.52,70.57,98,99,3.04
330,Seoul,KR,2020-10-25 17:16:21,37.57,126.98,44.6,100,1,1.25
331,Puerto Penasco,MX,2020-10-25 17:18:01,31.32,-113.53,79.0,66,80,21.99
332,Ipixuna,BR,2020-10-25 17:18:02,-1.76,-48.8,87.8,62,75,5.82
333,Big Rapids,US,2020-10-25 17:18:02,43.7,-85.48,41.0,62,90,3.36
334,Espanola,US,2020-10-25 17:18:02,35.99,-106.08,61.0,24,1,12.75
335,San Jose,US,2020-10-25 17:17:38,37.34,-121.89,64.99,63,20,3.13
336,Petropavlovsk-Kamchatskiy,RU,2020-10-25 17:18:02,53.05,158.65,39.2,100,90,4.47
337,Bubaque,GW,2020-10-25 17:16:08,11.28,-15.83,84.76,74,32,9.69
338,Copiapo,CL,2020-10-25 17:18:03,-27.37,-70.33,66.2,55,0,4.7
339,Oroville,US,2020-10-25 17:18:03,39.51,-121.56,57.99,71,75,5.82
340,Kelo,TD,2020-10-25 17:15:22,9.31,15.81,81.32,41,59,4.36
341,Sisimiut,GL,2020-10-25 17:18:03,66.94,-53.67,22.82,86,98,7.11
342,Erzin,TR,2020-10-25 17:18:03,36.96,36.2,80.01,72,41,3.33
343,Chokurdakh,RU,2020-10-25 17:18:03,70.63,147.92,7.38,94,2,11.12
344,Peleduy,RU,2020-10-25 17:18:03,59.63,112.74,29.64,97,100,5.44
345,Palmer,US,2020-10-25 17:16:19,42.16,-72.33,50.0,52,75,5.82
346,Maltahohe,NA,2020-10-25 17:18:04,-24.83,16.98,88.27,13,54,16.8
347,Carutapera,BR,2020-10-25 17:18:04,-1.2,-46.02,86.95,62,56,8.88
348,Smithers,CA,2020-10-25 17:15:04,54.78,-127.17,17.6,78,75,1.12
349,Carthage,TN,2020-10-25 17:18:04,36.86,10.33,68.0,64,20,4.7
350,North Bend,US,2020-10-25 17:18:04,43.41,-124.22,48.0,65,1,10.29
351,Ihlow,DE,2020-10-25 17:18:04,51.88,13.33,55.4,76,75,5.82
352,Iranshahr,IR,2020-10-25 17:18:05,27.2,60.68,73.4,16,0,4.7
353,Codrington,AU,2020-10-25 17:18:05,-38.27,141.97,48.52,74,1,13.87
354,Lokosovo,RU,2020-10-25 17:18:05,61.13,74.82,24.96,98,100,10.07
355,Coquimbo,CL,2020-10-25 17:18:05,-29.95,-71.34,64.4,59,0,10.29
356,Along,IN,2020-10-25 17:18:05,28.17,94.77,65.82,87,4,2.13
357,Tatawin,TN,2020-10-25 17:18:05,32.93,10.45,77.0,44,4,3.36
358,Llanes,ES,2020-10-25 17:18:05,43.42,-4.75,57.0,67,100,19.57
359,Saint-Andre-Les-Vergers,FR,2020-10-25 17:18:06,48.29,4.05,53.6,87,90,10.29
360,Birjand,IR,2020-10-25 17:18:06,32.87,59.22,55.4,16,0,6.93
361,Kaeo,NZ,2020-10-25 17:15:49,-35.1,173.78,55.0,95,25,3.0
362,Maumere,ID,2020-10-25 17:18:06,-8.62,122.21,80.82,77,100,7.65
363,Imbituba,BR,2020-10-25 17:18:06,-28.24,-48.67,75.2,78,75,13.87
364,Kingman,US,2020-10-25 17:16:55,35.19,-114.05,73.99,36,1,18.34
365,Hervey Bay,AU,2020-10-25 17:15:39,-25.3,152.85,73.99,92,20,4.0
366,Hirara,JP,2020-10-25 17:18:06,24.8,125.28,75.4,67,85,15.03
367,Voi,KE,2020-10-25 17:18:07,-3.39,38.56,75.02,70,40,10.36
368,Sebring,US,2020-10-25 17:17:20,27.5,-81.44,87.01,74,90,6.35
369,Acajutla,SV,2020-10-25 17:17:28,13.59,-89.83,80.6,74,0,2.24
370,Heilbron,ZA,2020-10-25 17:18:07,-27.28,27.97,75.74,32,84,5.64
371,Russell,US,2020-10-25 17:18:07,32.35,-85.2,75.2,73,90,2.91
372,Hualmay,PE,2020-10-25 17:18:07,-11.1,-77.61,69.37,66,11,11.83
373,Chama,CH,2020-10-25 17:18:08,47.18,8.46,55.4,76,25,4.21
374,Kamenka,RU,2020-10-25 17:18:08,51.32,42.77,46.0,86,24,8.23
375,Parabel,RU,2020-10-25 17:18:08,58.7,81.48,25.43,97,100,10.76
376,Do Gonbadan,IR,2020-10-25 17:18:08,30.36,50.8,73.4,28,0,1.21
377,Khani,GE,2020-10-25 17:18:08,41.96,42.96,55.4,76,0,3.36
378,Port-Gentil,GA,2020-10-25 17:18:09,-0.72,8.78,78.85,83,34,14.43
379,Lagoa,PT,2020-10-25 17:18:09,39.05,-27.98,64.02,64,90,7.23
380,Kieta,PG,2020-10-25 17:18:09,-6.22,155.63,78.44,73,96,2.91
381,Havelock,US,2020-10-25 17:16:36,34.88,-76.9,70.0,96,100,2.3
382,Esperance,AU,2020-10-25 17:18:09,-33.87,121.9,53.6,76,0,17.22
383,Ratne,UA,2020-10-25 17:18:09,51.67,24.53,50.47,83,100,7.7
384,Santa Maria,BR,2020-10-25 17:18:10,-29.68,-53.81,88.79,46,29,4.0
385,Batangafo,CF,2020-10-25 17:18:10,7.3,18.28,76.08,85,35,2.8
386,Northview,US,2020-10-25 17:15:55,43.05,-85.6,46.99,52,90,8.05
387,Hami,CN,2020-10-25 17:18:10,42.8,93.45,41.38,57,0,5.17
388,Tarija,BO,2020-10-25 17:15:15,-21.54,-64.73,88.36,22,63,2.26
389,Sept-Iles,CA,2020-10-25 17:18:10,50.2,-66.38,37.99,40,75,14.99
390,Asau,RO,2020-10-25 17:16:29,46.43,26.4,54.0,98,100,2.19
391,Lang Son,VN,2020-10-25 17:18:11,21.83,106.73,66.07,79,94,4.27
392,Egvekinot,RU,2020-10-25 17:18:11,66.32,-179.17,20.43,94,0,2.8
393,Cap-Aux-Meules,CA,2020-10-25 17:18:11,47.38,-61.86,41.0,60,75,24.16
394,Mairi,BR,2020-10-25 17:18:12,-11.71,-40.15,96.69,25,10,4.7
395,Namibe,AO,2020-10-25 17:18:12,-15.2,12.15,69.4,79,37,6.93
396,Port Hedland,AU,2020-10-25 17:18:13,-20.32,118.57,73.4,83,40,9.17
397,Yar-Sale,RU,2020-10-25 17:18:13,66.83,70.83,12.7,96,19,9.6
398,Trincomalee,LK,2020-10-25 17:18:13,8.57,81.23,80.82,78,100,5.44
399,Khorixas,NA,2020-10-25 17:18:14,-20.37,14.97,86.05,19,64,16.87
400,Mozarlandia,BR,2020-10-25 17:18:14,-14.74,-50.57,92.19,45,40,9.48
401,Hope,US,2020-10-25 17:15:04,33.67,-93.59,55.99,81,90,4.7
402,Gornozavodsk,RU,2020-10-25 17:18:14,58.38,58.32,25.86,97,100,1.39
403,Galesong,ID,2020-10-25 17:18:15,-5.32,119.37,75.2,100,20,3.36
404,Nurota,UZ,2020-10-25 17:18:15,40.56,65.69,46.4,36,1,2.24
405,San Policarpo,PH,2020-10-25 17:18:15,12.18,125.51,80.51,85,100,19.42
406,San,ML,2020-10-25 17:15:02,13.3,-4.9,95.58,13,0,5.57
407,Dunedin,NZ,2020-10-25 17:18:15,-45.87,170.5,46.99,90,100,1.01
408,The Valley,AI,2020-10-25 17:16:37,18.22,-63.06,87.8,74,75,20.8
409,Kiunga,PG,2020-10-25 17:18:15,-6.12,141.29,73.15,97,100,0.96
410,Laguna,US,2020-10-25 17:17:48,38.42,-121.42,60.01,87,90,5.82
411,San Isidro,PE,2020-10-25 17:18:16,-12.12,-77.05,64.99,77,90,5.82
412,Smidovich,RU,2020-10-25 17:18:16,48.6,133.82,37.38,79,75,3.85
413,Khon Kaen,TH,2020-10-25 17:18:16,16.5,102.08,71.26,78,100,0.51
414,Bagru,IN,2020-10-25 17:18:16,26.81,75.54,78.8,31,0,2.24
415,Ram Das,IN,2020-10-25 17:18:16,31.97,74.9,71.6,64,40,5.82
416,Sao Joao Da Barra,BR,2020-10-25 17:18:16,-21.64,-41.05,69.8,94,90,9.17
417,Kananga,CD,2020-10-25 17:18:17,-5.9,22.42,76.51,76,42,1.88
418,Alihe,CN,2020-10-25 17:18:17,50.57,123.72,32.27,93,100,1.3
419,Mandera,KE,2020-10-25 17:16:19,3.94,41.87,87.66,47,45,8.12
420,Mandan,US,2020-10-25 17:15:33,46.83,-100.89,21.2,85,75,11.41
421,Laishevo,RU,2020-10-25 17:18:17,55.4,49.55,37.4,81,75,13.42
422,Mormugao,IN,2020-10-25 17:18:17,15.4,73.8,78.35,86,8,6.76
423,Boskovice,CZ,2020-10-25 17:18:17,49.49,16.66,52.0,86,0,4.18
424,Balikpapan,ID,2020-10-25 17:15:44,-1.27,116.83,78.44,87,45,4.94
425,Shu,KZ,2020-10-25 17:18:18,43.6,73.76,44.01,56,79,7.0
426,Vanimo,PG,2020-10-25 17:18:18,-2.67,141.3,79.59,77,100,3.13
427,Ciudad Bolivar,VE,2020-10-25 17:15:21,8.12,-63.55,89.4,55,49,6.55
428,Teguldet,RU,2020-10-25 17:18:18,57.31,88.17,27.99,87,100,7.58
429,Comodoro Rivadavia,AR,2020-10-25 17:15:01,-45.87,-67.5,66.2,31,20,23.04
430,Shenjiamen,CN,2020-10-25 17:18:18,29.96,122.3,63.77,68,1,6.26
431,Dingle,PH,2020-10-25 17:18:19,11.0,122.67,76.32,91,100,16.75
432,Braganca,BR,2020-10-25 17:18:19,-1.05,-46.77,91.22,48,13,8.12
433,Puerto Del Rosario,ES,2020-10-25 17:18:19,28.5,-13.86,73.4,69,20,18.34
434,Pitimbu,BR,2020-10-25 17:14:53,-7.47,-34.81,86.0,66,40,12.75
435,Yoichi,JP,2020-10-25 17:18:19,43.2,140.77,45.0,88,47,11.54
436,Monterey,US,2020-10-25 17:18:19,36.25,-121.25,59.0,68,43,0.72
437,Danjiangkou,CN,2020-10-25 17:18:20,32.54,111.51,64.42,53,100,2.53
438,Bacolod,PH,2020-10-25 17:18:20,10.67,122.95,77.49,90,100,23.53
439,Lavrentiya,RU,2020-10-25 17:18:20,65.58,-171.0,32.7,92,71,11.39
440,Samarai,PG,2020-10-25 17:18:20,-10.62,150.67,79.57,83,54,2.19
441,Erenhot,CN,2020-10-25 17:18:20,43.65,111.98,48.22,45,78,13.78
442,Sikonge,TZ,2020-10-25 17:18:20,-5.63,32.77,82.4,45,40,8.05
443,Sibiti,CG,2020-10-25 17:18:20,-3.68,13.35,75.88,84,97,2.77
444,Kudahuvadhoo,MV,2020-10-25 17:18:21,2.67,72.89,82.71,78,17,10.89
445,Rocha,UY,2020-10-25 17:18:21,-34.48,-54.33,77.97,70,92,14.56
446,Raga,SS,2020-10-25 17:18:21,8.46,25.68,77.41,62,80,2.48
447,Licheng,CN,2020-10-25 17:18:21,23.3,113.83,75.99,68,75,2.62
448,Sumter,US,2020-10-25 17:13:24,28.71,-82.08,90.0,65,0,1.01
449,Placido De Castro,BR,2020-10-25 17:18:21,-10.34,-67.19,98.08,39,31,4.97
450,Denpasar,ID,2020-10-25 17:17:19,-8.65,115.22,80.6,88,20,5.82
451,Adelanto,US,2020-10-25 17:18:22,34.58,-117.41,62.01,53,0,17.0
452,Beaufort,MY,2020-10-25 17:18:22,5.35,115.75,77.0,94,20,1.12
453,Luwuk,ID,2020-10-25 17:18:22,-0.95,122.79,77.76,68,29,3.42
454,Pointe-Noire,CG,2020-10-25 17:18:22,-4.78,11.86,78.4,81,30,10.6
455,Kopanskaya,RU,2020-10-25 17:18:22,46.28,38.48,61.9,68,99,3.71
456,Sfantu Gheorghe,RO,2020-10-25 17:18:22,45.87,25.78,54.0,82,100,1.99
457,Husavik,IS,2020-10-25 17:18:22,66.04,-17.34,42.8,81,75,9.17
458,Maceio,BR,2020-10-25 17:18:22,-9.67,-35.74,86.0,66,40,9.17
459,Grindavik,IS,2020-10-25 17:16:03,63.84,-22.43,42.8,87,75,14.99
460,Ilebo,CD,2020-10-25 17:16:15,-4.32,20.58,74.98,94,99,3.13
461,Mehran,IR,2020-10-25 17:18:23,33.12,46.16,62.6,23,0,4.7
462,Bahia Blanca,AR,2020-10-25 17:16:10,-38.72,-62.27,71.53,38,100,15.82
463,Kastamonu,TR,2020-10-25 17:18:23,41.5,33.67,61.74,34,49,0.27
464,Garowe,SO,2020-10-25 17:18:23,8.41,48.48,85.87,30,1,5.44
465,Khor,RU,2020-10-25 17:18:24,47.89,134.95,37.69,83,86,4.29
466,Faya,SA,2020-10-25 17:17:04,18.39,42.45,68.0,77,20,11.41
467,Turan,VN,2020-10-25 17:18:24,16.07,108.22,73.4,94,40,1.12
468,Teknaf,BD,2020-10-25 17:18:24,20.86,92.31,78.17,86,82,3.51
469,Athabasca,CA,2020-10-25 17:15:04,54.72,-113.29,18.79,81,82,11.45
470,Basco,PH,2020-10-25 17:18:24,20.45,121.97,79.88,83,90,27.45
471,Akyab,MM,2020-10-25 17:18:24,20.15,92.9,80.33,81,49,3.33
472,Adrar,MR,2020-10-25 17:18:25,20.5,-10.07,98.47,9,39,9.82
473,Bam,IR,2020-10-25 17:18:25,29.11,58.36,58.24,31,0,7.11
474,Moussoro,TD,2020-10-25 17:18:25,13.64,16.49,89.22,12,68,14.23
475,Bhag,PK,2020-10-25 17:18:25,29.04,67.82,74.12,18,0,3.56
476,Khasan,RU,2020-10-25 17:18:25,42.43,130.64,46.56,60,0,8.84
477,Takoradi,GH,2020-10-25 17:18:25,4.88,-1.76,80.13,84,88,9.95
478,Senneterre,CA,2020-10-25 17:18:25,48.38,-77.23,32.0,80,90,8.05
479,Omsukchan,RU,2020-10-25 17:16:32,62.53,155.8,26.4,97,100,4.7
480,Chengde,CN,2020-10-25 17:18:26,40.97,117.94,49.37,48,51,0.27
481,Amot,NO,2020-10-25 17:18:26,59.57,7.99,38.64,82,27,3.36
482,Hinton,CA,2020-10-25 17:18:26,53.4,-117.59,19.98,82,91,9.98
483,Lumsden,CA,2020-10-25 17:18:26,50.65,-104.87,21.99,73,90,12.75
484,Herat,AF,2020-10-25 17:18:26,34.5,62.0,53.6,22,0,3.36
485,Bogorodskoye,RU,2020-10-25 17:18:26,56.55,37.88,42.62,93,71,5.84
486,Monrovia,LR,2020-10-25 17:18:27,6.3,-10.8,86.0,74,75,8.05
487,Semey,KZ,2020-10-25 17:18:27,50.41,80.23,41.81,64,100,14.27
488,Miri,MY,2020-10-25 17:18:27,4.41,114.01,77.0,100,40,4.7
489,Palafrugell,ES,2020-10-25 17:18:27,41.92,3.16,64.0,54,94,11.36
490,Marquette,US,2020-10-25 17:18:27,46.53,-87.63,34.0,90,100,6.87
491,Pindiga,NG,2020-10-25 17:18:27,9.98,10.93,89.6,29,99,14.99
492,Bilma,NE,2020-10-25 17:18:27,18.69,12.92,80.04,16,0,6.71
493,Columbus,US,2020-10-25 17:15:11,39.96,-83.0,51.01,57,75,9.17
494,Roald,NO,2020-10-25 17:18:28,62.58,6.13,50.0,71,20,11.41
495,Pingliang,CN,2020-10-25 17:18:28,35.54,106.69,49.46,44,78,10.74
496,Nautla,MX,2020-10-25 17:18:28,20.22,-96.78,83.48,63,48,4.27
497,Parrita,CR,2020-10-25 17:18:28,9.52,-84.32,78.8,60,75,6.93
498,Yangjiang,CN,2020-10-25 17:18:28,21.85,111.97,70.77,77,97,5.32
499,Fallon,US,2020-10-25 17:18:29,39.47,-118.78,37.4,47,90,17.22
500,Olinda,BR,2020-10-25 17:16:49,-8.01,-34.86,84.2,70,40,11.41
501,Avera,US,2020-10-25 17:18:29,33.19,-82.53,77.0,94,90,3.36
502,Lake Havasu City,US,2020-10-25 17:18:29,34.48,-114.32,77.0,31,1,14.99
503,Shakiso,ET,2020-10-25 17:18:29,5.75,38.92,60.1,95,80,1.25
504,Tekirdag,TR,2020-10-25 17:18:29,40.98,27.51,60.8,82,75,2.24
505,Lukovetskiy,RU,2020-10-25 17:18:29,64.3,41.92,32.0,97,90,6.71
506,Geraldton,AU,2020-10-25 17:18:29,-28.77,114.6,66.2,88,0,8.05
507,Uvira,CD,2020-10-25 17:18:30,-3.41,29.15,77.4,64,72,2.28
508,Durazno,UY,2020-10-25 17:18:30,-33.41,-56.5,77.04,76,95,14.74
509,Gorontalo,ID,2020-10-25 17:16:58,0.54,123.06,75.4,81,68,1.68
510,Jalu,LY,2020-10-25 17:18:30,29.03,21.55,69.71,41,0,5.5
511,Aras,ES,2020-10-25 17:18:30,42.56,-2.36,57.2,87,75,3.36
512,Nalut,LY,2020-10-25 17:18:30,30.33,10.85,78.75,20,40,12.64
513,Los Llanos De Aridane,ES,2020-10-25 17:18:31,28.66,-17.92,73.4,56,75,9.17
514,Port Lincoln,AU,2020-10-25 17:18:31,-34.73,135.87,52.77,61,65,16.51
515,Paysandu,UY,2020-10-25 17:18:32,-32.32,-58.08,85.69,61,69,12.82
516,Tete,MZ,2020-10-25 17:18:32,-16.16,33.59,96.8,20,0,8.05
517,Matay,EG,2020-10-25 17:18:32,28.42,30.78,73.31,43,0,5.91
518,Tres Lagoas,BR,2020-10-25 17:18:33,-20.75,-51.68,96.3,33,64,7.07
519,Prabumulih,ID,2020-10-25 17:18:33,-3.45,104.25,74.89,94,100,2.42
520,Rancho Palos Verdes,US,2020-10-25 17:16:57,33.74,-118.39,64.99,100,90,12.53
521,Santa Helena De Goias,BR,2020-10-25 17:18:34,-17.81,-50.6,83.66,64,62,10.8
522,Darab,IR,2020-10-25 17:18:34,28.75,54.54,60.85,27,0,3.02
523,Karlstad,SE,2020-10-25 17:18:34,59.38,13.5,51.8,100,100,10.29
524,Riyadh,SA,2020-10-25 17:18:34,24.69,46.72,77.0,29,0,6.13
525,Sitka,US,2020-10-25 17:18:34,57.05,-135.33,41.0,65,90,11.41
526,Nantucket,US,2020-10-25 17:18:35,41.28,-70.1,53.6,58,75,14.99
527,Vardo,NO,2020-10-25 17:18:35,70.37,31.11,39.2,69,75,16.11
528,Chichester,GB,2020-10-25 17:18:22,50.84,-0.78,53.01,88,76,1.99
529,Lata,PT,2020-10-25 17:18:35,40.16,-8.33,60.01,80,91,1.99
530,Celestun,MX,2020-10-25 17:18:35,20.87,-90.4,83.03,71,99,10.63
531,Tongzi,CN,2020-10-25 17:18:35,28.78,105.09,66.67,71,99,0.92
532,Coihaique,CL,2020-10-25 17:18:35,-45.58,-72.07,53.6,46,40,12.75
533,Skovorodino,RU,2020-10-25 17:18:35,53.98,123.92,31.08,92,100,1.43
534,Namatanai,PG,2020-10-25 17:16:33,-3.67,152.43,78.06,84,100,1.86
535,Powell River,CA,2020-10-25 17:15:03,49.85,-124.54,32.0,92,75,2.24
536,Aksum,ET,2020-10-25 17:18:36,14.12,38.72,65.57,32,64,11.72
537,Caraquet,CA,2020-10-25 17:18:36,47.79,-64.94,41.0,35,40,6.93
538,Fort-Shevchenko,KZ,2020-10-25 17:18:36,44.51,50.26,61.75,82,90,11.32
539,Isangel,VU,2020-10-25 17:18:36,-19.55,169.27,72.77,82,1,8.55
540,Tarnobrzeg,PL,2020-10-25 17:15:28,50.57,21.68,54.0,88,99,3.0
541,Mapastepec,MX,2020-10-25 17:18:37,15.43,-92.9,88.7,58,62,4.09
542,Marzuq,YE,2020-10-25 17:18:37,14.4,46.47,68.86,32,5,4.72
543,Mahanje,TZ,2020-10-25 17:18:37,-9.93,35.33,72.5,55,47,3.91
544,Lakota,CI,2020-10-25 17:18:37,5.85,-5.69,79.75,88,91,3.62
545,Utete,TZ,2020-10-25 17:18:37,-7.99,38.76,77.4,75,6,8.77
546,Emba,KZ,2020-10-25 17:18:38,48.83,58.14,54.43,84,100,20.07
547,Kaoma,ZM,2020-10-25 17:18:38,-14.78,24.8,79.48,17,21,5.1
548,Broome,US,2020-10-25 17:18:38,42.25,-75.83,48.0,56,1,9.17
549,Panaba,MX,2020-10-25 17:18:38,21.28,-88.27,83.59,80,87,13.04
550,Erdenet,MN,2020-10-25 17:18:38,49.03,104.08,21.78,93,65,4.07
551,Watrous,CA,2020-10-25 17:16:24,51.67,-105.47,18.88,87,0,13.29
552,Ucluelet,CA,2020-10-25 17:18:22,48.93,-125.55,37.4,100,75,4.29
553,Hastings,GB,2020-10-25 17:14:59,50.86,0.57,52.0,79,46,1.99
554,Novosheshminsk,RU,2020-10-25 17:18:39,55.07,51.23,42.84,77,100,11.03
555,Chenzhou,CN,2020-10-25 17:18:39,25.8,113.03,63.01,72,69,0.49
556,Desbiens,CA,2020-10-25 17:15:01,48.42,-71.95,35.6,43,20,6.93
557,Puerto Leguizamo,CO,2020-10-25 17:18:39,-0.19,-74.78,96.13,41,97,3.06
558,San Javier,ES,2020-10-25 17:18:39,37.81,-0.84,66.99,72,0,13.87
559,Gaoual,GN,2020-10-25 17:18:39,11.75,-13.2,94.33,42,49,2.48
560,Ushtobe,KZ,2020-10-25 17:18:39,45.25,77.98,46.33,52,62,5.01
