City_ID,City,Country,Lat,Lng,Max Temp,Humidity,Cloudiness,Wind Speed
0,Fortuna,US,40.6,-124.16,66.99,77,1,3.31
1,Cordoba,AR,-31.41,-64.18,77.0,20,0,13.87
2,Mahebourg,MU,-20.41,57.7,71.6,73,75,2.24
3,Arraial Do Cabo,BR,-22.97,-42.03,70.45,73,90,17.43
4,Kodiak,US,57.79,-152.41,28.4,42,1,21.92
5,San Policarpo,PH,12.18,125.51,79.74,83,100,6.26
6,Hermanus,ZA,-34.42,19.23,64.0,90,77,12.71
7,Vaini,TO,-21.2,-175.2,80.6,78,20,13.87
8,Nova Olimpia,BR,-14.8,-57.29,84.06,45,42,1.88
9,Nanortalik,GL,60.14,-45.24,39.16,84,100,17.58
10,Punta Arenas,CL,-53.15,-70.92,50.0,76,75,9.17
11,Geraldton,AU,-28.77,114.6,55.4,87,18,8.05
12,College,US,64.86,-147.8,-13.0,75,20,0.58
13,Atuona,PF,-9.8,-139.03,77.85,73,14,17.76
14,Alofi,NU,-19.06,-169.92,80.6,74,75,23.04
15,Rikitea,PF,-23.12,-134.97,73.08,71,0,14.67
16,Castro,BR,-24.79,-50.01,57.78,73,49,5.91
17,Cape Town,ZA,-33.93,18.42,68.0,72,20,18.34
18,Tasiilaq,GL,65.61,-37.64,32.0,96,100,44.96
19,Saint-Louis,SN,16.33,-15.0,80.6,47,0,7.52
20,Hobart,AU,-42.88,147.33,73.4,40,75,19.46
21,Kirakira,SB,-10.45,161.92,83.32,75,92,9.1
22,Souillac,MU,-20.52,57.52,71.6,73,75,2.24
23,Ushuaia,AR,-54.8,-68.3,57.2,44,40,20.8
24,Sokone,SN,13.88,-16.37,77.0,100,0,7.72
25,Dorado,PR,18.46,-66.27,84.2,66,75,10.29
26,Pocoes,BR,-14.53,-40.37,62.51,95,98,5.5
27,San Cristobal,VE,7.77,-72.22,84.2,66,40,5.82
28,Archidona,ES,37.1,-4.39,61.0,92,98,3.36
29,East London,ZA,-33.02,27.91,68.34,87,40,5.23
30,Nikolskoye,RU,59.7,30.79,50.0,81,40,8.95
31,Kununurra,AU,-15.77,128.73,78.8,83,10,9.91
32,Ushumun,RU,52.78,126.53,8.11,91,14,10.13
33,Albany,US,42.6,-73.97,36.0,69,55,5.14
34,Busselton,AU,-33.65,115.33,57.0,70,4,14.03
35,Grindavik,IS,63.84,-22.43,41.0,86,75,10.29
36,Port Alfred,ZA,-33.59,26.89,65.12,92,13,2.3
37,Krasnoselkup,RU,65.7,82.47,5.58,95,99,2.91
38,Butaritari,KI,3.07,172.79,81.36,72,69,16.98
39,Nhulunbuy,AU,-12.23,136.77,84.2,79,96,6.93
40,Qaanaaq,GL,77.48,-69.36,1.04,79,2,4.0
41,Bystrice Nad Pernstejnem,CZ,49.52,16.26,55.0,87,100,11.65
42,Sladkovo,RU,55.53,70.34,27.41,93,44,10.6
43,Puerto Ayora,EC,-0.74,-90.35,69.01,91,89,11.01
44,Mweka,CD,-4.85,21.57,69.73,99,93,1.12
45,Kruisfontein,ZA,-34.0,24.73,64.99,92,47,3.49
46,Airai,TL,-8.93,125.41,69.64,57,66,2.01
47,Roma,US,43.21,-75.46,35.6,55,90,8.05
48,Saskylakh,RU,71.92,114.08,-4.07,91,95,2.77
49,Ribeira Grande,PT,38.52,-28.7,61.88,66,15,10.09
50,Kurtalan,TR,37.93,41.7,59.0,72,40,2.24
51,Cloquet,US,46.72,-92.46,68.0,25,1,4.7
52,Yerofey Pavlovich,RU,53.97,121.97,14.13,82,100,3.2
53,Mataura,NZ,-46.19,168.86,64.99,62,0,1.99
54,Klaksvik,FO,62.23,-6.59,44.6,70,100,31.09
55,Tripoli,LY,32.88,13.19,69.78,63,0,7.31
56,Lebu,CL,-37.62,-73.65,54.66,80,2,3.4
57,Khatanga,RU,71.97,102.5,-0.96,94,93,4.56
58,Victoria,HK,22.29,114.16,71.01,64,100,8.99
59,Abu Dhabi,AE,24.47,54.37,77.0,69,0,2.24
60,Biak,ID,-0.91,122.88,78.96,76,82,2.77
61,Yerbogachen,RU,61.28,108.01,19.36,96,99,8.08
62,Mogadishu,SO,2.04,45.34,78.76,83,79,9.55
63,Boyolangu,ID,-8.12,111.89,76.62,81,100,1.99
64,Talnakh,RU,69.49,88.4,-7.6,83,40,2.24
65,Shakawe,BW,-18.37,21.85,67.78,81,100,4.85
66,Bhinmal,IN,25.0,72.25,68.47,33,0,3.47
67,Lavrentiya,RU,65.58,-171.0,18.88,86,52,15.26
68,Gravdal,NO,68.12,13.5,44.6,81,40,26.4
69,Gornopravdinsk,RU,60.05,69.9,26.71,95,100,10.71
70,Bambous Virieux,MU,-20.34,57.76,71.6,73,75,2.24
71,Shenjiamen,CN,29.96,122.3,59.18,61,71,14.79
72,Sao Filipe,CV,14.9,-24.5,78.85,71,83,7.02
73,Durazno,UY,-33.41,-56.5,58.62,85,10,13.56
74,Kyabram,AU,-36.32,145.05,66.99,54,79,10.47
75,Tuatapere,NZ,-46.13,167.68,64.99,62,0,1.99
76,Pisco,PE,-13.7,-76.22,68.0,72,0,11.41
77,Aswan,EG,24.09,32.91,68.22,42,0,12.84
78,Zinder,NE,13.81,8.99,80.29,17,61,12.46
79,Dikson,RU,73.51,80.55,3.99,91,0,5.68
80,Hamilton,US,39.18,-84.53,62.6,36,1,9.17
81,Puksoozero,RU,62.59,40.61,45.18,89,98,11.63
82,Chabahar,IR,25.29,60.64,73.54,64,0,3.98
83,Ban Nahin,LA,18.24,104.21,65.44,77,4,3.76
84,Usinsk,RU,65.99,57.53,37.89,93,100,22.91
85,Kavaratti,IN,10.57,72.64,82.18,73,0,5.5
86,Saint George,US,37.1,-113.58,82.4,20,1,2.8
87,New Norfolk,AU,-42.78,147.06,73.4,40,75,19.46
88,Sandakan,MY,5.84,118.12,75.2,100,20,4.03
89,Longyearbyen,SJ,78.22,15.64,30.2,74,90,14.99
90,Yellowknife,CA,62.46,-114.35,5.0,71,20,11.41
91,Aguimes,ES,27.91,-15.45,71.6,73,40,20.8
92,Rawson,AR,-43.3,-65.1,63.72,59,58,15.37
93,Hofn,IS,64.25,-15.21,41.99,63,25,8.59
94,Zhanakorgan,KZ,43.91,67.25,46.22,49,0,10.02
95,Whyalla,AU,-33.03,137.58,62.6,82,90,17.22
96,Port Elizabeth,ZA,-33.92,25.57,66.2,93,75,5.82
97,Cozumel,MX,20.51,-86.95,77.0,94,90,13.87
98,Nome,US,64.5,-165.41,26.6,68,90,11.41
99,Chokurdakh,RU,70.63,147.92,-16.38,83,0,4.88
100,Hilo,US,19.73,-155.09,84.2,70,75,6.93
101,Luderitz,NA,-26.65,15.16,58.71,91,2,4.27
102,Hithadhoo,MV,-0.6,73.08,82.65,72,99,6.78
103,Barrow,US,71.29,-156.79,10.4,72,90,13.87
104,Ouadda,CF,8.08,22.4,70.61,60,34,2.3
105,Kapaa,US,22.08,-159.32,82.4,78,40,13.87
106,Labuan,MY,5.28,115.24,78.8,88,20,7.81
107,Yar-Sale,RU,66.83,70.83,25.38,98,100,10.25
108,Bredasdorp,ZA,-34.53,20.04,66.2,88,98,8.23
109,Artyom,AZ,40.47,50.33,55.4,93,100,2.24
110,Tiksi,RU,71.69,128.87,10.11,96,100,3.83
111,Carnarvon,AU,-24.87,113.63,64.4,77,0,13.87
112,Ruston,US,32.52,-92.64,68.0,42,1,3.36
113,Barranca,PE,-10.75,-77.77,63.48,81,89,7.23
114,Mount Gambier,AU,-37.83,140.77,55.4,93,90,18.34
115,Vozhega,RU,60.47,40.22,43.38,93,100,9.51
116,Brownsville,US,25.9,-97.5,78.8,44,1,11.41
117,Bluff,NZ,-46.6,168.33,64.99,62,4,1.99
118,Saint-Philippe,RE,-21.36,55.77,69.8,60,0,5.82
119,Miraflores,MX,19.22,-98.81,71.6,35,5,4.7
120,Ilulissat,GL,69.22,-51.1,37.4,69,100,14.99
121,Betioky,MG,-23.72,44.38,70.47,83,15,2.1
122,Codrington,AU,-38.27,141.97,57.9,92,100,15.08
123,Shingu,JP,33.73,135.98,49.01,63,0,6.2
124,Mandali,IQ,33.75,45.55,71.92,25,82,3.96
125,Lata,PT,40.16,-8.33,55.99,84,0,4.83
126,Margate,GB,51.38,1.39,51.01,81,3,1.99
127,Erenhot,CN,43.65,111.98,33.08,74,5,11.39
128,Araouane,ML,18.9,-3.53,83.32,15,100,9.37
129,Tuktoyaktuk,CA,69.45,-133.04,12.2,85,90,9.17
130,San Andres,CO,12.58,-81.7,75.2,94,40,31.79
131,Verkhnevilyuysk,RU,63.45,120.32,8.19,96,99,3.42
132,Mar Del Plata,AR,-38.0,-57.56,61.0,87,0,16.11
133,Vardo,NO,70.37,31.11,39.2,69,0,34.45
134,Ardakan,IR,32.31,54.02,57.2,20,0,4.7
135,Pecos,US,31.42,-103.49,80.6,18,1,5.82
136,Chenghai,CN,23.46,116.77,66.2,68,0,4.47
137,Asau,RO,46.43,26.4,46.0,98,100,2.21
138,Komsomolskiy,UZ,40.43,71.72,42.8,41,13,6.93
139,Cabo San Lucas,MX,22.89,-109.91,86.0,70,5,10.29
140,Okitipupa,NG,6.5,4.78,75.96,95,100,1.23
141,Pevek,RU,69.7,170.31,1.02,92,12,10.07
142,Bambanglipuro,ID,-7.95,110.28,77.72,77,97,1.83
143,Yuxia,CN,34.06,108.63,52.0,93,81,2.24
144,Sobolevo,RU,54.43,31.9,44.51,86,100,8.16
145,Thompson,CA,55.74,-97.86,23.0,92,90,2.24
146,Ancud,CL,-41.87,-73.82,57.0,76,61,18.34
147,Cidreira,BR,-30.18,-50.21,62.33,78,3,12.01
148,Chuy,UY,-33.7,-53.46,56.01,86,0,7.43
149,Celestun,MX,20.87,-90.4,77.5,74,42,16.42
150,Nizhniy Tsasuchey,RU,50.52,115.13,20.5,94,69,7.31
151,Leningradskiy,RU,69.38,178.42,6.98,86,7,17.76
152,Kralendijk,BQ,12.15,-68.27,83.12,78,74,20.87
153,Kaeo,NZ,-35.1,173.78,68.0,86,100,8.99
154,Praia Da Vitoria,PT,38.73,-27.07,61.0,77,75,17.76
155,Cedar City,US,37.68,-113.06,73.4,17,1,13.87
156,Salalah,OM,17.02,54.09,73.4,43,0,4.7
157,Georgetown,MY,5.41,100.34,78.8,83,20,3.36
158,Naze,JP,28.37,129.48,66.2,63,75,21.92
159,Cherskiy,RU,68.75,161.3,-7.2,85,0,2.93
160,Saint Anthony,US,45.02,-93.22,75.2,25,1,8.05
161,Dingle,PH,11.0,122.67,78.42,87,100,1.5
162,Narsaq,GL,60.92,-46.05,37.4,92,100,3.36
163,Meulaboh,ID,4.14,96.13,75.52,93,100,7.49
164,Vao,NC,-22.67,167.48,74.25,89,100,10.11
165,Tiarei,PF,-17.53,-149.33,84.2,70,75,19.46
166,Mudgee,AU,-32.59,149.59,66.99,72,9,1.12
167,Tobermory,CA,45.25,-81.67,39.2,81,94,6.93
168,Ponta Do Sol,PT,32.67,-17.1,66.2,72,75,19.46
169,Zhicheng,CN,30.3,111.5,55.0,70,96,1.79
170,Axim,GH,4.87,-2.24,78.37,86,70,5.68
171,Bonavista,CA,48.65,-53.11,37.99,80,96,4.7
172,Upernavik,GL,72.79,-56.15,18.84,92,100,7.11
173,Faanui,PF,-16.48,-151.75,79.25,82,96,20.96
174,Cap Malheureux,MU,-19.98,57.61,69.01,73,41,1.99
175,Gubkinskiy,RU,64.43,76.5,23.07,98,100,8.81
176,Grajau,BR,-5.82,-46.14,73.69,95,100,4.43
177,Semarang,ID,-6.99,110.42,77.16,81,100,6.15
178,Manturovo,RU,58.34,44.76,36.5,96,22,7.63
179,Kiruna,SE,67.86,20.23,32.0,95,73,11.41
180,Swinoujscie,PL,53.91,14.25,50.0,88,98,14.81
181,Mangrol,IN,21.12,70.12,78.1,43,0,8.28
182,Norman Wells,CA,65.28,-126.83,1.4,84,75,2.24
183,Calabozo,VE,8.92,-67.43,76.8,88,9,4.85
184,Aranos,NA,-24.13,19.12,71.51,42,48,10.92
185,Ninh Binh,VN,20.25,105.97,66.9,68,100,6.44
186,Kaitangata,NZ,-46.28,169.85,61.0,74,0,5.99
187,Bengkulu,ID,-3.8,102.27,74.62,86,80,3.31
188,Mezen,RU,65.85,44.24,44.87,86,100,11.68
189,Jurmala,LV,56.97,23.77,44.6,93,0,6.93
190,Sompeta,IN,18.93,84.6,77.76,77,50,6.35
191,Faya,SA,18.39,42.45,60.8,87,0,4.7
192,Stromness,GB,58.97,-3.3,44.6,81,95,13.87
193,Ossora,RU,59.24,163.07,41.2,90,100,31.56
194,Trelew,AR,-43.25,-65.31,64.89,51,59,20.22
195,Torbay,CA,47.67,-52.73,41.0,80,75,8.05
196,Canaries,ES,28.0,-15.5,71.6,73,40,20.8
197,Manta,EC,-0.95,-80.73,80.6,65,40,13.87
198,Avanigadda,IN,16.02,80.92,74.77,90,62,4.65
199,Hanzhong,CN,33.07,107.03,51.73,64,97,1.43
200,Barcelos,PT,41.54,-8.62,50.0,71,0,10.29
201,Shakhtinsk,KZ,49.71,72.59,24.8,73,90,6.71
202,Carballo,ES,43.21,-8.69,50.0,85,41,4.18
203,Linares,CL,-35.85,-71.6,69.39,54,0,8.25
204,Alta Floresta,BR,-9.88,-56.09,79.0,68,87,2.44
205,Canutama,BR,-6.53,-64.38,78.17,85,40,6.13
206,Portland,US,45.52,-122.68,57.99,93,90,9.17
207,Te Anau,NZ,-45.42,167.72,66.45,57,11,5.35
208,Fallon,US,39.47,-118.78,75.99,12,40,5.82
209,Payo,ID,-3.75,103.64,71.22,91,77,1.9
210,Hualmay,PE,-11.1,-77.61,64.67,77,68,7.81
211,Grand Gaube,MU,-20.01,57.66,69.01,73,58,1.99
212,Springdale,US,36.19,-94.13,73.4,28,1,10.29
213,Heilbron,ZA,-27.28,27.97,61.43,65,53,2.57
214,Jamestown,US,42.1,-79.24,46.4,65,1,3.36
215,Haverfordwest,GB,51.8,-4.97,46.0,93,31,4.7
216,Buala,SB,-8.14,159.59,84.38,72,59,6.2
217,Salym,RU,60.06,71.48,27.39,95,100,12.19
218,Puerto Del Rosario,ES,28.5,-13.86,71.6,83,75,19.46
219,Ponta Delgada,PT,37.73,-25.67,60.8,67,75,13.87
220,Tabas,IR,33.6,56.92,59.0,19,0,2.24
221,Lompoc,US,34.64,-120.46,64.4,77,1,14.99
222,Tolaga Bay,NZ,-38.37,178.3,70.99,55,96,14.2
223,Khandbari,NP,27.37,87.2,61.43,59,13,4.16
224,Avarua,CK,-21.21,-159.78,77.0,78,96,10.29
225,Shagonar,RU,51.53,92.8,30.52,97,100,4.09
226,Bethel,US,41.37,-73.41,42.8,48,1,4.7
227,Raghunathpur,IN,23.55,86.67,68.07,40,0,5.93
228,Marsh Harbour,BS,26.54,-77.06,73.06,72,20,24.81
229,Tual,ID,-5.67,132.75,81.37,78,97,13.82
230,Hobyo,SO,5.35,48.53,80.33,82,93,10.65
231,Cayenne,GF,4.93,-52.33,80.6,88,0,3.36
232,Las Vegas,US,36.17,-115.14,86.0,17,1,5.82
233,Tazmalt,DZ,36.39,4.4,59.0,77,40,4.7
234,Roald,NO,62.58,6.13,46.99,75,64,19.46
235,Camopi,GF,3.17,-52.32,75.31,95,100,3.13
236,Juneau,US,58.3,-134.42,30.2,86,90,4.7
237,Slave Lake,CA,55.28,-114.77,50.0,57,75,0.87
238,Mercedes,AR,-34.65,-59.43,68.0,74,25,3.0
239,Kashi,CN,39.45,75.98,41.0,38,0,11.18
240,Provideniya,RU,64.38,-173.3,16.3,88,0,9.17
241,Ketchikan,US,55.34,-131.65,44.6,75,20,9.17
242,Ambilobe,MG,-13.2,49.05,70.54,82,94,4.5
243,Alekseyevka,RU,50.63,38.69,46.45,90,3,3.65
244,San Patricio,US,28.02,-97.52,73.4,56,20,14.99
245,Kamiiso,JP,41.82,140.65,39.2,81,75,20.8
246,Victor Harbor,AU,-35.57,138.62,57.99,88,100,1.99
247,Anda,CN,46.4,125.32,21.51,78,0,11.34
248,Rio Grande,BR,-32.03,-52.1,61.0,74,0,4.0
249,Pochutla,MX,15.74,-96.47,86.0,62,20,11.41
250,Zhigansk,RU,66.77,123.37,-0.51,90,91,2.17
251,Altay,CN,47.87,88.12,31.28,85,100,3.11
252,Gat,IL,31.61,34.76,66.0,85,16,5.77
253,Santa Isabel Do Rio Negro,BR,-0.41,-65.02,77.23,91,100,2.06
254,Valdivia,CL,-39.81,-73.25,55.4,82,20,3.36
255,Bay Roberts,CA,47.6,-53.26,39.2,80,75,8.05
256,Mamlyutka,KZ,54.94,68.54,27.84,94,8,10.45
257,Laguna,US,38.42,-121.42,80.01,33,1,3.36
258,Bafra,TR,41.57,35.91,51.8,93,75,1.12
259,Saint-Augustin,CA,51.23,-58.65,25.59,81,65,12.01
260,High Level,CA,58.52,-117.14,17.6,85,90,8.05
261,Pyaozerskiy,RU,65.83,31.17,40.69,82,95,12.06
262,Hasaki,JP,35.73,140.83,50.0,66,20,8.05
263,Kavieng,PG,-2.57,150.8,84.7,74,100,7.81
264,Dutse,NG,11.76,9.34,76.23,30,2,6.67
265,Pietarsaari,FI,63.65,22.68,39.99,93,0,9.17
266,Los Llanos De Aridane,ES,28.66,-17.92,71.6,73,40,17.22
267,Jumla,NP,29.27,82.18,40.26,62,0,4.79
268,Flinders,AU,-34.58,150.86,73.0,63,18,1.01
269,Esperance,AU,-33.87,121.9,55.4,93,40,5.82
270,Knysna,ZA,-34.04,23.05,64.4,100,84,3.36
271,Haines Junction,CA,60.75,-137.51,1.4,70,100,2.24
272,Stornoway,GB,58.21,-6.39,46.4,87,60,11.41
273,Sulya,IN,12.57,75.38,78.8,94,75,2.17
274,Ortigueira,BR,-24.21,-50.95,63.68,56,64,0.49
275,Monroe,US,43.15,-77.68,39.99,69,90,4.7
276,La Ronge,CA,55.1,-105.28,46.4,65,98,3.44
277,Muros,ES,42.78,-9.06,44.01,91,25,11.59
278,Sibolga,ID,1.74,98.78,74.28,86,100,3.62
279,Tornio,FI,65.85,24.15,39.2,86,100,6.93
280,Porto Novo,BJ,6.5,2.6,80.6,88,20,10.29
281,Elizabeth City,US,36.29,-76.25,57.2,44,1,4.7
282,Zabaykalsk,RU,49.63,117.32,18.27,91,58,6.55
283,Saldanha,ZA,-33.01,17.94,59.0,93,19,3.36
284,Teguldet,RU,57.31,88.17,27.32,97,100,6.53
285,Gizo,SB,-8.1,156.84,84.92,71,94,9.93
286,Scarborough,GB,54.28,-0.4,41.0,81,75,1.99
287,Kapit,MY,2.02,112.93,74.28,94,86,1.28
288,Broome,US,42.25,-75.83,37.0,74,1,4.7
289,Mountain Home,US,43.13,-115.69,66.2,19,1,3.36
290,Vestmannaeyjar,IS,63.44,-20.27,43.45,75,100,12.55
291,Minab,IR,27.15,57.08,69.8,83,0,6.93
292,Takoradi,GH,4.88,-1.76,79.05,85,35,6.89
293,Vila,PT,42.03,-8.16,44.01,81,11,11.99
294,Rodez,FR,44.5,2.58,46.99,93,90,11.41
295,Phonhong,LA,18.5,102.42,70.59,89,72,1.45
296,Ivankiv,UA,50.94,29.89,44.6,100,78,2.24
297,Kostomuksha,RU,64.57,30.58,41.02,81,91,12.5
298,Kloulklubed,PW,7.04,134.26,83.32,78,87,9.84
299,Ostrovnoy,RU,68.05,39.51,37.26,86,11,11.54
300,Eureka,US,40.8,-124.16,68.0,78,17,3.0
301,Curvelo,BR,-18.76,-44.43,67.55,85,22,6.08
302,Lokosovo,RU,61.13,74.82,26.6,97,100,12.08
303,Muravlenko,RU,63.79,74.52,23.7,98,100,12.73
304,Katsuura,JP,35.13,140.3,55.4,54,20,13.87
305,Teya,RU,60.38,92.63,16.72,94,93,4.88
306,Bintulu,MY,3.17,113.03,77.0,94,20,3.36
307,Alyangula,AU,-13.85,136.42,82.4,83,40,5.57
308,Mazamet,FR,43.49,2.37,51.8,100,90,6.93
309,Toora-Khem,RU,52.47,96.11,26.24,97,100,2.48
310,Adre,TD,13.47,22.2,76.3,24,12,17.4
311,Eirunepe,BR,-6.66,-69.87,81.91,66,55,1.45
312,Petropavl,KZ,54.88,69.16,27.28,94,5,8.75
313,Dodge City,US,37.75,-100.02,77.0,25,1,17.22
314,Barroquinha,BR,-3.02,-41.14,79.83,79,89,6.91
315,Porto Torres,IT,40.84,8.4,57.2,93,18,1.12
316,Christchurch,NZ,-43.53,172.63,66.99,68,31,10.29
317,Matara,LK,5.95,80.54,76.87,88,98,6.13
318,Fairbanks,US,64.84,-147.72,-13.0,75,40,0.58
319,Coquimbo,CL,-29.95,-71.34,55.4,87,90,8.05
320,Paita,PE,-5.09,-81.11,64.31,82,34,15.97
321,Gualaceo,EC,-2.9,-78.78,71.6,75,75,18.34
322,Mori,JP,34.83,137.93,52.0,66,0,8.99
323,Jatiroto,ID,-7.88,111.12,75.74,80,100,1.3
324,Mayo,US,38.89,-76.51,55.4,50,1,2.73
325,Coihaique,CL,-45.58,-72.07,66.2,48,40,8.05
326,Hosur,IN,12.72,77.82,68.0,100,40,2.62
327,Pemba,MZ,-12.97,40.52,77.0,83,20,6.93
328,Namatanai,PG,-3.67,152.43,85.64,69,100,4.45
329,Arys,KZ,42.43,68.8,37.4,40,0,4.47
330,Kutum,SD,14.2,24.67,70.5,29,65,14.14
331,Sitka,US,57.05,-135.33,39.2,69,75,6.93
332,Severo-Kurilsk,RU,50.68,156.12,41.58,81,17,17.63
333,Beidao,CN,34.57,105.89,44.28,79,82,2.44
334,Waipawa,NZ,-41.41,175.52,69.01,77,99,18.34
335,Viedma,AR,-40.81,-63.0,80.01,35,98,5.01
336,Tamano,JP,34.48,133.95,44.6,65,20,9.17
337,Rongcheng,CN,30.63,117.85,47.41,67,49,3.89
338,Kalemie,CD,-5.95,29.19,73.11,76,46,5.7
339,Sarti,GR,40.1,23.98,61.86,76,100,3.42
340,Sterling,US,39.01,-77.43,60.8,31,40,3.36
341,Svarstad,NO,59.4,9.97,41.0,1,3,6.06
342,Labuhan,ID,-6.88,112.21,79.16,83,79,6.55
343,Campbell River,CA,50.02,-125.24,50.0,93,90,13.87
344,Hervey Bay,AU,-25.3,152.85,75.99,63,55,4.0
345,Stykkisholmur,IS,65.08,-22.73,40.14,84,100,14.45
346,Gamboma,CG,-1.88,15.86,71.76,84,33,2.62
347,Phan Thiet,VN,10.93,108.1,74.35,84,70,3.85
348,Richards Bay,ZA,-28.78,32.04,72.12,82,71,12.41
349,Mildura,AU,-34.2,142.15,73.4,38,75,9.17
350,Kolokani,ML,13.57,-8.03,81.68,23,96,5.28
351,Okhotsk,RU,59.38,143.3,30.63,92,100,22.37
352,Nargana,PA,9.44,-78.59,79.48,74,21,14.94
353,Kalmunai,LK,7.42,81.82,78.28,81,45,4.97
354,Sibu,MY,2.3,111.82,73.4,100,40,2.24
355,Sosnovo-Ozerskoye,RU,52.52,111.54,13.71,97,34,6.64
356,Kaduna,NG,10.52,7.44,74.68,34,44,6.26
357,Caravelas,BR,-17.71,-39.25,68.09,85,100,8.37
358,Yeppoon,AU,-23.13,150.73,75.2,60,90,8.05
359,Kristiansund,NO,63.11,7.73,46.4,67,36,24.16
360,San Quintin,MX,30.48,-115.95,71.33,64,98,11.72
361,Giyon,ET,8.53,37.98,55.44,40,17,11.95
362,Unai,BR,-16.36,-46.91,70.86,84,54,2.37
363,Honningsvag,NO,70.98,25.97,44.89,74,44,28.12
364,Husavik,IS,66.04,-17.34,39.2,69,0,21.92
365,Salinopolis,BR,-0.61,-47.36,80.42,82,99,8.19
366,Maglajani,BA,44.95,17.35,50.0,100,0,0.2
367,Japura,ID,-0.32,102.35,73.94,96,100,1.77
368,Ritchie,ZA,-29.04,24.6,62.6,77,97,4.7
369,Touros,BR,-5.2,-35.46,80.6,78,40,13.87
370,Samarai,PG,-10.62,150.67,81.46,80,87,11.41
371,Manokwari,ID,-0.87,134.08,82.63,71,100,5.93
372,Purpe,RU,64.48,76.69,22.8,98,100,9.37
373,Chicama,PE,-7.84,-79.15,66.85,68,77,6.6
374,Lagos,NG,6.58,3.75,78.04,90,94,3.15
375,Vangaindrano,MG,-23.35,47.6,70.3,87,99,7.38
376,San Jose,US,37.34,-121.89,81.0,23,75,3.36
377,Doha,QA,25.29,51.53,77.0,65,0,2.24
378,Sioux Lookout,CA,50.1,-91.92,53.6,50,20,3.36
379,Sisimiut,GL,66.94,-53.67,35.83,84,82,35.41
380,Polunochnoye,RU,60.87,60.42,31.87,93,74,8.81
381,Matay,EG,28.42,30.78,64.49,68,44,5.97
382,Hanting,CN,36.77,119.21,41.41,58,0,7.67
383,Omaruru,NA,-21.43,15.93,62.83,36,75,3.69
384,Maceio,BR,-9.67,-35.74,77.0,88,0,6.93
385,Bessemer,US,33.4,-86.95,68.0,22,1,3.36
386,Aripuana,BR,-9.17,-60.63,79.0,72,87,2.48
387,Andilamena,MG,-17.02,48.58,57.97,85,66,5.08
388,Palm Coast,US,29.59,-81.21,70.0,52,1,8.05
389,Taua,BR,-5.97,-40.3,84.94,49,100,8.43
390,Kahului,US,20.89,-156.47,91.4,52,40,17.22
391,Lorengau,PG,-2.02,147.27,85.77,66,92,2.64
392,Avera,US,33.19,-82.53,59.0,44,1,2.48
393,Westerland,DE,54.91,8.3,48.2,76,93,33.33
394,Aklavik,CA,68.22,-135.01,3.2,77,75,5.82
395,Lucea,JM,18.45,-78.17,78.8,88,90,4.7
396,Constitucion,CL,-35.33,-72.42,57.54,72,8,14.9
397,At-Bashi,KG,41.17,75.81,25.7,72,3,1.23
398,Omboue,GA,-1.57,9.26,76.96,90,76,4.32
399,Huarmey,PE,-10.07,-78.15,65.84,75,70,8.39
400,Culebra,PR,18.3,-65.3,82.4,69,1,10.29
401,Zapolyarnyy,RU,69.42,30.81,35.6,80,0,26.4
402,Mossendjo,CG,-2.95,12.73,71.04,99,98,3.74
403,Montepuez,MZ,-13.13,39.0,69.55,76,16,6.87
404,Mamou,GN,10.5,-12.0,71.24,65,20,0.78
405,Abalak,RU,58.13,68.59,27.7,94,95,10.56
406,Isangel,VU,-19.55,169.27,75.92,84,100,10.78
407,Alekseyevsk,RU,57.84,108.35,24.26,97,99,6.71
408,Sterlibashevo,RU,53.44,55.26,36.32,82,3,6.31
409,Beloha,MG,-25.17,45.05,69.57,73,0,4.5
410,Vila Velha,BR,-20.33,-40.29,69.8,83,20,1.12
411,Vestmanna,FO,62.16,-7.17,44.6,70,99,31.09
412,Cukai,MY,4.25,103.42,75.2,100,100,4.43
413,Bereda,ES,43.27,-7.54,45.0,100,93,3.0
414,Yining,CN,29.04,114.56,53.2,62,83,2.1
415,Old Saybrook,US,41.29,-72.38,44.01,38,1,8.05
416,Bagdarin,RU,54.43,113.6,11.28,91,0,3.09
417,Trincomalee,LK,8.57,81.23,79.57,83,99,5.55
418,Mahajanga,MG,-15.72,46.32,75.2,78,20,4.7
419,Holt,US,42.64,-84.52,60.8,38,1,3.36
420,Ayan,RU,56.45,138.17,7.68,90,47,25.43
421,Talara,PE,-4.58,-81.27,65.07,83,21,14.83
422,Vaitape,PF,-16.52,-151.75,80.13,80,95,20.94
423,Sechura,PE,-5.56,-80.82,69.35,64,57,17.38
424,Wlodawa,PL,51.55,23.55,55.0,100,76,2.26
425,Progreso,MX,21.28,-89.67,80.6,65,75,6.93
426,Svetlogorsk,BY,52.63,29.73,42.06,92,57,5.08
427,Wenzhou,CN,28.0,120.67,57.36,55,36,3.87
428,Opuwo,NA,-18.06,13.84,67.96,26,0,7.02
429,Itarema,BR,-2.92,-39.92,80.55,77,45,13.0
430,Port-Gentil,GA,-0.72,8.78,80.6,88,40,14.99
431,Maua,BR,-23.67,-46.46,62.6,77,40,11.41
432,Nicoya,CR,10.15,-85.45,77.0,100,90,10.29
433,Natal,BR,-5.79,-35.21,80.6,78,40,10.29
434,Jega,NG,12.22,4.38,80.13,28,44,8.32
435,Staryy Nadym,RU,65.61,72.68,25.38,98,100,12.71
436,Karratha,AU,-20.74,116.85,77.41,59,0,7.07
437,Mineiros,BR,-17.57,-52.55,72.95,48,76,4.32
438,Keti Bandar,PK,24.14,67.45,77.14,58,0,10.83
439,Tatsuno,JP,34.87,134.55,52.0,80,40,4.7
440,Gayeri,BF,12.65,0.49,81.9,29,17,7.07
441,Ihosy,MG,-22.4,46.12,64.74,80,49,7.63
442,Khani,GE,41.96,42.96,53.6,93,0,4.7
443,Belmonte,BR,-15.86,-38.88,68.0,94,75,5.82
444,Raudeberg,NO,61.99,5.14,44.01,88,68,32.44
445,Guerrero Negro,MX,27.98,-114.06,76.03,54,1,15.82
446,Lagoa,PT,39.05,-27.98,61.68,73,25,20.78
447,Westport,US,41.14,-73.36,46.4,42,1,9.17
448,Moron,AR,-34.65,-58.62,68.0,66,29,5.01
449,Semirom,IR,31.42,51.57,30.99,83,0,1.21
450,Hirara,JP,24.8,125.28,71.6,64,20,19.46
451,Ahipara,NZ,-35.17,173.17,68.58,73,100,14.47
452,Rio Gallegos,AR,-51.62,-69.22,48.2,81,40,13.87
453,Russell,US,32.35,-85.2,68.0,45,1,2.48
454,Oranjemund,NA,-28.55,16.43,60.48,90,12,3.38
455,Sembe,CG,1.65,14.58,72.82,90,92,0.2
456,Nata,PA,8.33,-80.52,75.2,100,90,13.87
457,Ambulu,ID,-8.35,113.61,76.3,73,79,2.06
458,Rusape,ZW,-18.53,32.13,62.02,79,32,3.09
459,Siocon,PH,7.71,122.14,79.93,82,100,3.47
460,Orichi,RU,58.4,49.06,31.77,97,2,8.66
461,Dahanu,IN,19.97,72.73,77.32,55,0,7.29
462,Padang,ID,-0.95,100.35,76.08,78,100,7.81
463,Nador,MA,35.17,-2.93,66.2,72,75,5.82
464,Sukumo,JP,32.93,132.73,49.86,61,0,9.1
465,Harboore,DK,56.62,8.18,45.0,91,100,1.01
466,Horsham,GB,51.06,-0.33,42.01,86,0,4.7
467,Bodmin,GB,50.47,-4.72,46.4,81,40,6.93
468,Pangnirtung,CA,66.15,-65.71,28.4,46,90,11.41
469,Salinas,US,36.68,-121.66,73.99,46,1,6.93
470,Waingapu,ID,-9.66,120.26,81.79,77,91,8.05
471,Yashalta,RU,46.34,42.28,51.48,78,20,7.45
472,Amalapuram,IN,16.58,82.02,75.54,88,7,3.62
473,Comodoro Rivadavia,AR,-45.87,-67.5,60.8,67,0,14.99
474,Coos Bay,US,43.37,-124.22,63.0,93,90,14.99
475,Asosa,ET,10.07,34.53,64.49,82,32,4.5
476,Yulara,AU,-25.24,130.99,84.2,32,47,8.05
477,Harper,LR,4.38,-7.72,78.85,87,10,9.62
478,Namibe,AO,-15.2,12.15,69.3,67,0,10.87
479,Asyut,EG,27.18,31.18,75.2,47,0,9.17
480,Paray-Le-Monial,FR,46.45,4.12,44.6,93,0,2.24
481,Along,IN,28.17,94.77,64.49,89,50,0.69
482,Tacuati,PY,-23.45,-56.58,74.82,50,30,3.0
483,Spearfish,US,44.49,-103.86,71.6,14,1,5.82
484,Mount Isa,AU,-20.73,139.5,89.6,31,10,5.82
485,Cikarang,ID,-6.26,107.15,78.01,88,20,3.36
486,Zyryanka,RU,65.75,150.85,-4.54,87,100,12.33
487,Den Helder,NL,52.96,4.76,48.99,76,40,14.99
488,Bodden Town,KY,19.28,-81.25,81.0,94,40,10.29
489,Oktyabrskoye,RU,43.06,44.74,42.01,93,38,6.71
490,Patos De Minas,BR,-18.58,-46.52,65.88,85,13,3.36
491,Walvis Bay,NA,-22.96,14.51,57.99,87,7,1.12
492,Mount Pleasant,US,32.79,-79.86,61.0,54,1,3.71
493,Rivera,UY,-30.91,-55.55,60.13,79,29,10.71
494,Manaquiri,BR,-3.32,-60.35,89.6,66,20,2.24
495,Sabha,LY,27.04,14.43,64.67,45,1,8.66
496,Miles City,US,46.41,-105.84,75.2,14,1,13.87
497,Funadhoo,MV,6.15,73.27,81.86,66,0,2.95
498,Luangwa,ZM,-15.62,30.42,80.74,52,41,3.13
499,Les Cayes,HT,18.2,-73.75,76.44,92,100,11.92
500,Sivas,TR,39.79,37.0,42.8,93,75,8.05
501,Csakvar,HU,47.39,18.46,53.01,93,56,4.09
502,Sao Joao Da Barra,BR,-21.64,-41.05,70.32,72,12,13.38
503,Tsiroanomandidy,MG,-18.77,46.03,72.63,54,74,0.98
504,Mgachi,RU,51.05,142.27,28.13,93,100,12.91
505,Port Hardy,CA,50.7,-127.42,53.6,81,90,14.99
506,Lubango,AO,-14.92,13.49,63.52,45,0,2.51
507,Coxim,BR,-18.51,-54.76,78.98,43,34,5.55
508,Ishigaki,JP,24.34,124.16,71.6,68,75,25.28
509,Tallahassee,US,30.44,-84.28,69.8,22,20,5.82
510,Kitui,KE,-1.37,38.01,65.57,94,85,5.66
511,Zarkos,GR,39.62,22.13,55.99,100,75,1.21
512,Peterhead,GB,57.51,-1.8,46.99,70,1,14.99
513,Diu,IN,20.71,70.98,77.83,51,0,6.62
514,Paamiut,GL,61.99,-49.67,33.48,93,100,29.33
515,Van Buren,US,35.44,-94.35,75.2,27,1,9.17
516,Kingsville,US,27.52,-97.86,78.8,39,40,8.05
517,Ulaanbaatar,MN,47.91,106.88,5.0,84,0,4.47
518,Saulkrasti,LV,57.26,24.41,44.6,93,0,6.93
519,Dunedin,NZ,-45.87,170.5,55.99,84,0,13.0
520,Matagami,CA,49.75,-77.63,23.0,92,90,4.7
521,Uravakonda,IN,14.95,77.27,73.49,82,28,4.83
522,Garmsar,IR,35.22,52.34,56.08,36,0,2.35
523,Karachev,RU,53.12,34.99,46.67,87,98,4.76
524,Thinadhoo,MV,0.53,72.93,82.81,71,100,5.99
525,Uvinza,TZ,-5.1,30.39,73.36,62,78,1.72
526,Winnemucca,US,40.97,-117.74,75.2,8,1,13.87
527,Sur,OM,22.57,59.53,69.26,47,0,5.86
528,Saint-Francois,FR,46.42,3.91,44.6,93,0,2.24
529,Hambantota,LK,6.12,81.12,75.2,100,90,3.36
530,Kashin,RU,57.36,37.61,46.09,80,96,13.18
531,Longonjo,AO,-12.91,15.25,64.83,83,78,2.35
532,Illapel,CL,-31.63,-71.17,62.26,59,0,4.74
533,Havelock,US,34.88,-76.9,57.0,50,1,5.82
534,Mikhaylovka,RU,50.06,43.24,44.89,75,55,5.77
535,Chadiza,ZM,-14.07,32.44,71.42,52,5,4.61
536,Boa Vista,BR,2.82,-60.67,89.6,52,20,5.82
537,Vilyuysk,RU,63.76,121.62,5.76,95,100,3.06
538,Mehamn,NO,71.04,27.85,42.8,70,40,20.8
539,Grajewo,PL,53.65,22.46,44.46,90,1,3.33
540,Vyara,IN,21.12,73.4,73.02,47,1,4.92
541,Morshansk,RU,53.44,41.81,41.97,91,0,1.5
542,San Joaquin,US,37.93,-121.3,80.6,21,1,6.93
543,Port Lincoln,AU,-34.73,135.87,58.37,73,100,12.46
544,Multan,PK,30.2,71.48,64.4,63,0,2.24
545,Morondava,MG,-20.28,44.28,75.74,80,27,2.86
546,Atambua,ID,-9.11,124.89,80.71,67,86,1.66
547,Tumbagaan,PH,5.37,120.31,81.54,80,100,6.42
548,Sola,VU,-13.88,167.55,81.63,76,87,9.69
549,Jinchang,CN,38.5,102.17,35.65,66,4,1.79
550,Manzanillo,CU,20.34,-77.12,75.65,90,100,15.1
551,Nakhon Thai,TH,17.1,100.84,71.98,87,40,2.59
552,Kano,NG,12.0,8.52,64.4,77,77,3.36
553,Sao Jose Da Coroa Grande,BR,-8.9,-35.15,78.24,79,1,11.41
554,Zunyi,CN,27.69,106.91,49.62,70,100,2.1
555,Mabaruma,GY,8.2,-59.78,74.97,97,99,4.21
556,Mitsamiouli,KM,-11.38,43.28,76.77,76,3,8.97
557,Chubbuck,US,42.92,-112.47,70.0,18,1,3.44
558,Ola,RU,59.58,151.28,35.33,91,100,32.1
559,Corpus Christi,US,27.8,-97.4,73.4,56,20,14.99
560,Chardara,KZ,41.25,67.97,47.05,51,0,7.16
561,Nicolas De Pierola,PE,-11.95,-76.7,68.0,64,0,12.75
562,Ler,SS,8.3,30.14,76.53,74,6,3.15
563,Kautokeino,NO,69.01,23.04,33.66,87,9,13.06
564,Smithers,CA,54.78,-127.17,48.2,81,75,6.93
565,Falmouth,GB,50.15,-5.07,46.4,87,4,4.7
566,Singkawang,ID,0.9,109.0,76.95,88,100,1.66
567,Ambon,ID,-3.7,128.18,82.0,94,100,14.65
568,Sept-Iles,CA,50.2,-66.38,24.8,53,41,13.87
569,Oborniki,PL,52.65,16.81,50.0,93,20,1.12
570,Macamic,CA,48.75,-79.0,23.0,92,90,4.7
571,Acari,PE,-15.43,-74.62,66.42,69,53,4.72
572,Martin,US,27.08,-80.42,75.2,50,75,14.99
573,Chapais,CA,49.78,-74.85,19.4,85,90,5.82
574,Nyurba,RU,63.28,118.33,7.99,96,81,4.81
575,Mouila,GA,-1.87,11.06,74.39,95,100,1.41
576,Saint-Pierre,RE,-21.34,55.48,69.8,60,0,5.82
577,Bamboo,JM,18.39,-77.26,75.99,97,100,7.78
578,Nyirtelek,HU,48.02,21.63,51.8,100,90,3.36
579,Bucerias,MX,20.75,-105.33,87.8,40,5,10.29
580,Lyubim,RU,58.36,40.68,44.51,86,100,9.66
581,Brae,GB,60.4,-1.35,44.6,87,96,14.99
582,Hami,CN,42.8,93.45,34.61,78,16,2.8
583,Bongandanga,CD,1.5,21.05,72.27,97,96,0.69
584,Coruripe,BR,-10.13,-36.18,78.04,82,96,11.92
585,Yantzaza,EC,-3.83,-78.76,72.5,80,62,0.74
586,Dasoguz,TM,41.84,59.97,48.2,31,0,11.41
587,Msanga,TZ,-6.05,36.03,65.93,81,39,7.67
588,Port Macquarie,AU,-31.43,152.92,73.0,55,0,1.01
589,Aitape,PG,-3.14,142.35,84.2,74,100,4.65
590,Mazyr,BY,52.05,29.25,40.5,94,0,5.23
591,Bac Lieu,VN,9.29,105.72,77.72,88,45,3.78
592,Nemuro,JP,43.32,145.57,41.58,67,61,22.62
593,Lasa,IT,46.62,10.7,51.01,93,75,2.24
594,Umm Lajj,SA,25.02,37.27,78.01,56,0,9.1
595,Launceston,AU,-41.45,147.17,62.6,88,75,18.34
596,Banawang,PH,14.61,120.39,77.0,88,75,2.24
597,Skaerbaek,DK,55.16,8.77,48.2,76,72,33.33
598,Poso,ID,-1.4,120.75,81.0,68,60,3.42
599,Morozovsk,RU,48.35,41.83,48.56,87,14,4.61
600,Bathsheba,BB,13.22,-59.52,80.6,69,20,17.22
601,Izvoru Barzii,RO,44.71,22.67,57.56,81,99,3.02
602,Kunzell,DE,50.54,9.72,46.99,92,97,1.01
603,Arman,RU,59.7,150.17,34.52,91,100,25.39
604,Gribanovskiy,RU,51.46,41.98,43.61,90,1,2.75
605,Norrtalje,SE,59.76,18.7,48.0,85,0,14.0
606,Aksu,CN,41.12,80.26,36.82,71,0,1.01
607,Ibra,OM,22.69,58.53,58.57,53,0,3.42
608,Araguaina,BR,-7.19,-48.21,75.4,87,100,4.63
609,Charters Towers,AU,-20.1,146.27,77.99,51,38,9.71
610,Astoria,US,46.19,-123.83,57.99,93,90,18.34
611,Xai-Xai,MZ,-25.05,33.64,72.03,71,8,9.08
612,Langsa,ID,4.47,97.97,73.38,96,100,3.09
613,Kainantu,PG,-6.29,145.87,70.63,76,97,0.6
614,Sambava,MG,-14.27,50.17,72.55,84,93,11.41
615,Tura,IN,25.52,90.22,64.94,72,0,0.58
616,Boditi,ET,6.97,37.87,54.03,42,14,5.08
617,Poyarkovo,RU,49.6,128.68,15.26,92,0,8.61
618,Hachinohe,JP,40.5,141.5,39.2,66,75,16.11
619,Gboko,NG,7.32,9.0,79.45,63,100,6.33
620,Ballina,AU,-28.87,153.57,73.0,60,40,11.41
621,Vostok,RU,46.49,135.88,11.55,91,100,11.43
622,Salekhard,RU,66.53,66.6,27.39,98,100,7.29
623,Sicuani,PE,-14.27,-71.23,55.9,54,99,5.77
624,Vanimo,PG,-2.67,141.3,82.45,76,100,7.16
625,Yumen,CN,40.28,97.2,34.97,69,29,10.45
626,Taft,IR,31.75,54.21,57.2,20,0,4.7
627,Vermillion,US,42.78,-96.93,80.6,22,1,3.36
628,Sovetskiy,RU,61.36,63.58,35.11,84,100,12.77
629,Iqaluit,CA,63.75,-68.51,14.0,78,75,13.87
630,Riyadh,SA,24.69,46.72,64.4,39,0,4.79
631,Fort Frances,CA,48.6,-93.4,68.0,24,1,5.82
632,Berlevag,NO,70.86,29.09,42.8,70,40,20.8
633,Khorixas,NA,-20.37,14.97,65.79,37,38,7.47
634,Bajil,YE,15.06,43.29,78.8,61,0,3.71
635,Thunder Bay,CA,48.4,-89.32,46.4,70,20,9.17
636,Baiyin,CN,36.56,104.21,42.01,63,0,8.95
637,Tefe,BR,-3.35,-64.71,80.6,78,40,2.24
638,Hikari,JP,33.95,131.95,44.6,70,20,5.82
639,Carmen,MX,18.63,-91.83,80.6,65,75,18.34
640,Nogliki,RU,51.83,143.17,25.79,90,81,14.67
641,Itaituba,BR,-4.28,-55.98,79.77,79,94,3.89
642,Arkhangelsk,RU,64.54,40.54,48.2,87,90,11.18
643,Poum,NC,-20.23,164.02,77.41,78,100,7.11
644,Wagar,SD,16.15,36.2,77.85,62,0,14.65
645,Deputatskiy,RU,69.3,139.9,-13.72,86,0,1.3
646,Tuy Hoa,VN,13.08,109.3,74.44,87,100,7.31
647,Selikhino,RU,50.37,137.5,24.78,89,99,12.77
648,Puerto Escondido,MX,15.85,-97.07,86.0,62,20,8.05
649,Atkarsk,RU,51.87,45.01,45.68,72,100,6.62
650,Tabuk,PH,17.42,121.44,73.31,89,95,6.46
651,Praia,CV,14.92,-23.51,77.0,78,0,13.87
652,Shitanjing,CN,39.23,106.34,39.88,57,0,9.17
653,Lethem,GY,3.38,-59.8,83.16,65,56,6.42
654,Tazovskiy,RU,67.47,78.7,9.34,96,100,4.59
655,Kampong Chhnang,KH,12.17,104.55,73.96,84,56,1.88
656,Nuuk,GL,64.18,-51.72,33.8,93,99,57.49
657,Antofagasta,CL,-23.65,-70.4,60.8,77,75,14.99
658,La Palma,US,33.85,-118.05,80.6,36,40,4.7
659,Urzhum,RU,57.11,50.0,32.38,95,12,7.43
660,Quesnel,CA,53.0,-122.5,48.2,76,90,9.17
661,General Pico,AR,-35.66,-63.76,73.49,46,19,12.12
662,Akcaabat,TR,41.02,39.57,62.6,82,75,4.7
663,Los Andes,CL,-32.83,-70.6,82.4,20,0,16.11
664,Murzzuschlag,AT,47.6,15.68,59.0,62,100,1.01
665,Wageningen,NL,51.97,5.67,46.0,93,8,10.29
666,Turangi,NZ,-39.0,175.93,60.35,75,100,2.84
667,Anastacio,BR,-20.48,-55.81,77.11,45,27,3.33
668,Manono,CD,-7.3,27.42,71.91,83,98,0.96
669,Sorong,ID,-0.88,131.25,79.63,82,100,9.15
670,Adeje,ES,28.12,-16.73,71.6,73,20,24.16
671,Gualeguay,AR,-33.14,-59.31,63.28,76,1,8.55
672,Amurzet,RU,47.7,131.1,22.42,79,62,11.3
673,Aleksandrov Gay,RU,50.15,48.57,48.7,50,99,9.24
674,Tomatlan,MX,19.93,-105.25,84.15,49,27,4.43
675,Porbandar,IN,21.64,69.61,78.89,43,0,6.64
676,Micheweni,TZ,-4.97,39.83,77.18,81,0,9.19
677,Alice Springs,AU,-23.7,133.88,78.8,13,0,7.72
678,Road Town,VG,18.42,-64.62,82.0,74,20,5.82
679,Talaya,RU,61.38,152.75,11.37,93,100,8.95
680,Denpasar,ID,-8.65,115.22,78.48,76,24,3.06
681,Salta,AR,-24.79,-65.41,82.4,24,0,5.82
682,Adrar,MR,20.5,-10.07,80.74,17,0,9.04
683,Palu,ID,-0.89,119.87,78.67,72,93,1.99
684,Lich,DE,50.52,8.82,46.99,85,66,1.01
685,Newport,GB,51.59,-3.0,41.0,94,26,4.21
